{"stats":{"minecraft:used":{"minecraft:cooked_mutton":8,"minecraft:wooden_sword":26,"minecraft:dirt":1,"minecraft:crafting_table":1,"undead_revamp2:arapholia":1},"minecraft:crafted":{"minecraft:wooden_sword":1,"minecraft:crafting_table":2,"minecraft:stick":1,"minecraft:birch_planks":12,"minecraft:air":7},"minecraft:picked_up":{"minecraft:birch_log":5,"minecraft:leather":3,"minecraft:brown_wool":1,"minecraft:cooked_rabbit":1,"minecraft:filled_map":2,"minecraft:sand":1,"minecraft:rabbit_foot":1,"minecraft:dirt":1,"minecraft:cooked_salmon":1,"minecraft:cooked_mutton":9,"minecraft:rotten_flesh":1,"minecraft:beef":9,"minecraft:gray_wool":1,"undead_revamp2:arapholia":1,"minecraft:black_wool":1,"minecraft:mutton":6,"minecraft:white_wool":1},"minecraft:killed":{"minecraft:sheep":4,"minecraft:cow":4},"minecraft:mined":{"minecraft:birch_log":5,"biomesoplenty:sea_oats":1,"minecraft:grass":3,"biomesoplenty:bush":3,"minecraft:grass_block":1,"minecraft:sand":1,"minecraft:tall_grass":1,"minecraft:oak_leaves":4,"undead_revamp2:arapholia":1},"minecraft:custom":{"minecraft:time_since_rest":7790,"minecraft:sprint_one_cm":73998,"minecraft:damage_taken":485,"minecraft:walk_one_cm":115268,"minecraft:mob_kills":8,"minecraft:drop":4,"minecraft:damage_dealt":738,"minecraft:swim_one_cm":5270,"minecraft:interact_with_crafting_table":2,"minecraft:fly_one_cm":46377,"minecraft:crouch_one_cm":2496,"minecraft:play_time":26257,"minecraft:sneak_time":627,"minecraft:walk_under_water_one_cm":3183,"minecraft:jump":359,"minecraft:leave_game":2,"minecraft:time_since_death":26257,"minecraft:walk_on_water_one_cm":2423,"minecraft:sleep_in_bed":1,"minecraft:total_world_time":26257,"minecraft:fall_one_cm":8135},"minecraft:dropped":{"minecraft:filled_map":1,"minecraft:rotten_flesh":1,"minecraft:cooked_rabbit":1,"minecraft:rabbit_foot":1}},"DataVersion":3465}