{"stats":{"minecraft:killed_by":{"minecraft:player":1},"minecraft:used":{"minecraft:cooked_mutton":9,"minecraft:diorite":4,"minecraft:flint_and_steel":2,"minecraft:bundle":1,"minecraft:stone_shovel":14,"minecraft:stone_pickaxe":33,"minecraft:iron_sword":100,"minecraft:iron_chestplate":1,"minecraft:torch":9,"minecraft:dirt":12,"minecraft:spyglass":18,"minecraft:crafting_table":5,"minecraft:red_bed":2,"minecraft:iron_pickaxe":423,"minecraft:iron_helmet":1,"minecraft:iron_boots":1,"minecraft:wooden_sword":26,"minecraft:cobblestone":50,"minecraft:beef":1,"minecraft:cooked_beef":13,"minecraft:oak_boat":1,"minecraft:furnace":2,"minecraft:bucket":1,"undead_revamp2:arapholia":1,"minecraft:egg":5,"minecraft:iron_leggings":1},"minecraft:crafted":{"minecraft:cooked_beef":24,"minecraft:wooden_sword":1,"minecraft:oak_planks":8,"minecraft:stone_shovel":1,"minecraft:crafting_table":5,"minecraft:furnace":2,"minecraft:birch_planks":12,"minecraft:cooked_mutton":1,"minecraft:air":51,"minecraft:flint_and_steel":1,"minecraft:oak_boat":1,"minecraft:charcoal":5,"minecraft:shield":1,"minecraft:stick":9,"minecraft:iron_ingot":10,"minecraft:stone_pickaxe":1,"minecraft:torch":4,"minecraft:dark_oak_planks":5},"minecraft:picked_up":{"minecraft:birch_log":7,"minecraft:iron_chestplate":1,"minecraft:air":0,"minecraft:andesite":1,"minecraft:brown_wool":2,"minecraft:leather":14,"minecraft:filled_map":2,"minecraft:cooked_rabbit":1,"minecraft:flint":1,"minecraft:oak_log":2,"minecraft:gunpowder":1,"minecraft:cornflower":1,"minecraft:dirt":33,"minecraft:string":1,"minecraft:red_bed":2,"minecraft:cooked_salmon":2,"minecraft:cooked_mutton":9,"minecraft:stone_bricks":184,"minecraft:cracked_stone_bricks":4,"minecraft:wheat_seeds":4,"minecraft:beef":24,"minecraft:iron_boots":1,"minecraft:egg":5,"minecraft:tipped_arrow":1,"minecraft:raw_iron":10,"minecraft:torch":7,"minecraft:spyglass":1,"minecraft:gravel":12,"minecraft:sand":2,"minecraft:diorite":4,"minecraft:dark_oak_log":4,"minecraft:rabbit_foot":1,"minecraft:dark_oak_planks":5,"minecraft:rotten_flesh":2,"minecraft:rail":1,"minecraft:iron_helmet":1,"minecraft:granite":10,"minecraft:gray_wool":2,"minecraft:black_wool":2,"minecraft:stripped_dark_oak_log":6,"minecraft:mutton":12,"undead_revamp2:arapholia":1,"minecraft:coal":7,"minecraft:white_wool":9,"minecraft:cobblestone":205},"minecraft:killed":{"minecraft:cave_spider":2,"minecraft:creeper":1,"minecraft:sheep":8,"minecraft:zombie":2,"minecraft:cow":13},"minecraft:broken":{"minecraft:iron_pickaxe":1},"minecraft:mined":{"undead_revamp2:arapholia":1,"biomesoplenty:watergrass":2,"minecraft:red_bed":1,"minecraft:dark_oak_leaves":3,"minecraft:stripped_dark_oak_log":6,"minecraft:dark_oak_log":4,"minecraft:torch":1,"minecraft:cornflower":1,"minecraft:granite":10,"biomesoplenty:bush":3,"minecraft:grass_block":4,"minecraft:melon":1,"spelunkers_charm:dead_grass":1,"biomesoplenty:high_grass_plant":3,"spelunkers_charm:rock_pile_2":1,"minecraft:tall_grass":3,"minecraft:cobblestone":4,"minecraft:diorite":4,"minecraft:wall_torch":6,"minecraft:tall_seagrass":1,"minecraft:birch_log":5,"minecraft:iron_ore":10,"minecraft:andesite":1,"biomesoplenty:sea_oats":1,"minecraft:grass":8,"minecraft:oak_log":2,"minecraft:coal_ore":7,"biomesoplenty:high_grass":1,"minecraft:vine":14,"minecraft:rail":1,"minecraft:gravel":9,"minecraft:sand":1,"minecraft:dirt":14,"minecraft:cobweb":2,"minecraft:cracked_stone_bricks":4,"minecraft:stone":206,"minecraft:stone_bricks":194,"biomesoplenty:reed":3,"minecraft:oak_leaves":6,"minecraft:fern":4},"minecraft:custom":{"minecraft:interact_with_furnace":41,"minecraft:mob_kills":26,"minecraft:interact_with_crafting_table":15,"minecraft:open_barrel":1,"minecraft:damage_dealt_resisted":81,"minecraft:leave_game":9,"minecraft:time_since_death":39250,"minecraft:sleep_in_bed":4,"minecraft:climb_one_cm":3355,"minecraft:time_since_rest":38704,"minecraft:sprint_one_cm":176666,"minecraft:damage_taken":2009,"minecraft:walk_one_cm":350776,"minecraft:drop":38,"minecraft:damage_dealt":2770,"minecraft:swim_one_cm":11393,"minecraft:fly_one_cm":136788,"minecraft:open_chest":23,"minecraft:play_time":110287,"minecraft:crouch_one_cm":5529,"tombstone:undead_killed":2,"minecraft:deaths":1,"minecraft:sneak_time":1456,"minecraft:walk_under_water_one_cm":18538,"minecraft:boat_one_cm":20,"minecraft:jump":1113,"minecraft:walk_on_water_one_cm":12904,"minecraft:fall_one_cm":25407,"minecraft:total_world_time":110287,"minecraft:horse_one_cm":9670},"minecraft:dropped":{"minecraft:wheat_seeds":4,"minecraft:golden_helmet":1,"minecraft:rotten_flesh":1,"minecraft:rabbit_foot":1,"minecraft:filled_map":1,"minecraft:dirt":15,"minecraft:gray_wool":1,"minecraft:tipped_arrow":2,"minecraft:torch":1,"minecraft:brown_wool":1,"minecraft:cooked_salmon":1,"minecraft:wooden_sword":1,"minecraft:sand":2,"minecraft:birch_log":2,"minecraft:cooked_rabbit":1,"minecraft:white_wool":1,"minecraft:black_wool":2}},"DataVersion":3465}