{"stats":{"minecraft:killed_by":{"minecraft:skeleton":3},"minecraft:used":{"minecraft:flint_and_steel":53,"minecraft:armor_stand":9,"minecraft:iron_sword":74,"minecraft:player_head":1,"minecraft:torch":1,"minecraft:dirt":1,"biomesoplenty:redwood_log":4,"minecraft:iron_axe":43,"minecraft:item_frame":1,"minecraft:bow":4,"minecraft:furnace":2,"tombstone:gift":2,"minecraft:cooked_mutton":2,"minecraft:stone_pickaxe":35,"minecraft:oak_planks":35,"minecraft:wooden_pickaxe":35,"minecraft:leather_boots":1,"minecraft:crafting_table":1,"minecraft:white_bed":2,"minecraft:oak_log":1,"minecraft:oxeye_daisy":1,"minecraft:iron_pickaxe":13,"minecraft:stone_button":1,"minecraft:stone_axe":90,"minecraft:porkchop":5,"minecraft:cooked_porkchop":10,"minecraft:experience_bottle":1},"minecraft:broken":{"minecraft:stone_axe":1},"minecraft:killed":{"minecraft:dolphin":1,"minecraft:skeleton":6,"minecraft:silverfish":7,"minecraft:pig":11,"minecraft:sheep":4,"minecraft:zombie":2,"minecraft:villager":1,"minecraft:cow":7},"minecraft:picked_up":{"biomesoplenty:redwood_log":14,"minecraft:iron_chestplate":5,"minecraft:crafting_table":1,"minecraft:chainmail_boots":1,"minecraft:string":5,"minecraft:iron_leggings":5,"minecraft:armor_stand":9,"minecraft:item_frame":1,"minecraft:experience_bottle":1,"minecraft:zombie_head":1,"minecraft:spruce_planks":1,"minecraft:beef":14,"minecraft:rose_bush":1,"minecraft:cobblestone_slab":1,"minecraft:player_head":4,"minecraft:coal_block":6,"minecraft:melon_slice":14,"minecraft:furnace":1,"minecraft:iron_boots":5,"minecraft:spruce_stairs":1,"minecraft:porkchop":24,"minecraft:stone_button":2,"tombstone:grave_dust":2,"minecraft:dark_oak_planks":1,"minecraft:arrow":4,"minecraft:rotten_flesh":1,"minecraft:pumpkin_pie":1,"minecraft:hay_block":25,"minecraft:iron_block":1,"minecraft:carved_pumpkin":2,"minecraft:mutton":6,"minecraft:cobblestone":34,"minecraft:white_wool":4,"minecraft:skeleton_skull":2,"minecraft:oxeye_daisy":1,"minecraft:mossy_cobblestone_slab":1,"minecraft:andesite":34,"minecraft:leather":9,"minecraft:oak_log":25,"minecraft:chainmail_chestplate":1,"minecraft:dirt":1,"minecraft:lantern":1,"minecraft:leather_boots":2,"minecraft:cooked_mutton":6,"minecraft:bone":6,"minecraft:stone_bricks":1,"minecraft:bow":1,"minecraft:wheat_seeds":2,"minecraft:stone_pickaxe":1,"minecraft:polished_andesite_slab":1,"minecraft:oak_planks":34,"minecraft:iron_sword":1,"minecraft:dark_oak_slab":1,"minecraft:cooked_porkchop":5,"minecraft:stone_brick_slab":2,"minecraft:white_bed":1,"minecraft:leather_helmet":1,"alexscaves:cooked_radgill":2,"minecraft:chainmail_leggings":2,"minecraft:iron_helmet":3,"minecraft:chainmail_helmet":2,"immersive_armors:divine_helmet":2,"minecraft:andesite_slab":3},"minecraft:dropped":{"minecraft:wheat_seeds":1,"immersive_armors:divine_helmet":1,"minecraft:cooked_porkchop":14,"minecraft:dark_oak_slab":1,"minecraft:iron_helmet":2,"minecraft:spruce_stairs":1,"minecraft:chainmail_helmet":2,"minecraft:leather_helmet":1,"minecraft:stone_button":1,"minecraft:rose_bush":1,"minecraft:iron_leggings":4,"minecraft:chainmail_leggings":2,"minecraft:string":1,"minecraft:dark_oak_planks":1,"minecraft:white_wool":1,"minecraft:stone_brick_slab":1,"minecraft:polished_andesite_slab":1,"minecraft:player_head":3,"minecraft:rotten_flesh":1,"minecraft:iron_boots":4,"minecraft:chainmail_chestplate":1,"alexscaves:cooked_radgill":4,"minecraft:spruce_planks":1,"minecraft:iron_chestplate":5,"minecraft:leather_boots":3,"minecraft:chainmail_boots":1,"minecraft:carved_pumpkin":2,"minecraft:stone_pickaxe":1,"minecraft:wooden_pickaxe":1},"minecraft:custom":{"minecraft:mob_kills":39,"minecraft:interact_with_crafting_table":15,"minecraft:open_barrel":32,"minecraft:leave_game":1,"minecraft:time_since_death":14230,"minecraft:climb_one_cm":946,"minecraft:sprint_one_cm":335674,"minecraft:walk_one_cm":172122,"minecraft:drop":49,"minecraft:play_time":85359,"minecraft:deaths":3,"minecraft:sneak_time":716,"minecraft:walk_under_water_one_cm":8474,"minecraft:jump":1152,"minecraft:walk_on_water_one_cm":15594,"minecraft:total_world_time":85359,"minecraft:interact_with_furnace":34,"minecraft:sleep_in_bed":5,"minecraft:time_since_rest":10648,"minecraft:damage_taken":1600,"minecraft:damage_dealt":5759,"minecraft:swim_one_cm":45709,"minecraft:fly_one_cm":229278,"minecraft:open_chest":16,"minecraft:crouch_one_cm":1106,"tombstone:undead_killed":8,"tombstone:villager_killed":1,"minecraft:interact_with_smoker":1,"minecraft:fall_one_cm":28328},"minecraft:mined":{"minecraft:dark_oak_planks":1,"minecraft:spruce_planks":1,"minecraft:white_bed":1,"minecraft:carved_pumpkin":3,"minecraft:grass_block":1,"minecraft:coal_block":7,"minecraft:polished_andesite_slab":1,"minecraft:oxeye_daisy":1,"minecraft:spawner":5,"minecraft:large_fern":1,"minecraft:hay_block":25,"minecraft:mossy_cobblestone_slab":1,"minecraft:furnace":1,"minecraft:fire":3,"minecraft:cobblestone_slab":1,"biomesoplenty:redwood_log":14,"minecraft:stone":34,"minecraft:iron_block":1,"minecraft:player_head":2,"minecraft:stone_brick_slab":3,"minecraft:melon":3,"minecraft:rose_bush":1,"minecraft:andesite_slab":3,"minecraft:tall_grass":1,"minecraft:oak_planks":8,"minecraft:spruce_stairs":1,"minecraft:dark_oak_slab":1,"minecraft:grass":3,"minecraft:oak_log":26,"minecraft:cobweb":5,"minecraft:cracked_stone_bricks":3,"minecraft:stone_bricks":4,"minecraft:oak_leaves":2},"minecraft:crafted":{"minecraft:oak_planks":27,"minecraft:furnace":1,"minecraft:iron_axe":1,"minecraft:stone_pickaxe":1,"minecraft:chest":1,"sophisticatedbackpacks:iron_backpack":1,"minecraft:wheat":45,"minecraft:cooked_beef":14,"sophisticatedbackpacks:backpack":1,"minecraft:cooked_porkchop":28,"minecraft:crafting_table":1,"biomesoplenty:redwood_planks":8,"minecraft:wooden_pickaxe":1,"minecraft:hay_block":4,"minecraft:stone_axe":1,"minecraft:air":641,"minecraft:bread":135,"minecraft:stick":12,"minecraft:iron_ingot":8,"minecraft:iron_pickaxe":1,"minecraft:white_bed":1,"minecraft:torch":8}},"DataVersion":3465}