{"stats":{"minecraft:killed_by":{"minecraft:skeleton":3},"minecraft:used":{"minecraft:flint_and_steel":53,"minecraft:armor_stand":9,"minecraft:iron_sword":166,"minecraft:player_head":1,"minecraft:torch":1,"minecraft:dirt":1,"biomesoplenty:redwood_log":4,"minecraft:lantern":1,"minecraft:iron_axe":56,"minecraft:item_frame":1,"minecraft:bow":4,"minecraft:furnace":2,"tombstone:gift":2,"minecraft:cooked_mutton":2,"minecraft:water_bucket":14,"minecraft:stone_pickaxe":35,"minecraft:oak_planks":66,"minecraft:wooden_pickaxe":35,"minecraft:leather_boots":1,"minecraft:crafting_table":1,"minecraft:white_bed":2,"minecraft:oak_log":1,"minecraft:oxeye_daisy":1,"minecraft:iron_pickaxe":13,"minecraft:stone_button":1,"minecraft:stone_axe":90,"minecraft:porkchop":5,"minecraft:cooked_porkchop":15,"minecraft:bucket":14,"minecraft:yellow_bed":1,"minecraft:experience_bottle":1},"minecraft:broken":{"minecraft:stone_axe":1},"minecraft:killed":{"minecraft:dolphin":1,"minecraft:skeleton":6,"minecraft:silverfish":7,"minecraft:pig":13,"minecraft:sheep":4,"minecraft:zombie":2,"minecraft:villager":1,"minecraft:cow":7},"minecraft:picked_up":{"biomesoplenty:redwood_log":14,"minecraft:iron_chestplate":5,"minecraft:crafting_table":1,"minecraft:wheat":83,"minecraft:chainmail_boots":1,"minecraft:string":5,"minecraft:iron_leggings":5,"minecraft:armor_stand":9,"minecraft:item_frame":1,"minecraft:experience_bottle":1,"minecraft:zombie_head":1,"minecraft:spruce_planks":1,"minecraft:beef":14,"minecraft:rose_bush":1,"minecraft:cobblestone_slab":1,"minecraft:player_head":5,"minecraft:coal_block":6,"minecraft:melon_slice":14,"minecraft:egg":1,"minecraft:furnace":1,"minecraft:iron_boots":6,"minecraft:torch":1,"minecraft:spruce_stairs":1,"minecraft:porkchop":28,"minecraft:stone_button":2,"tombstone:grave_dust":2,"minecraft:dark_oak_planks":1,"minecraft:arrow":4,"minecraft:rotten_flesh":1,"minecraft:pumpkin_pie":1,"minecraft:hay_block":25,"minecraft:iron_block":1,"minecraft:carved_pumpkin":2,"minecraft:mutton":6,"minecraft:cobblestone":34,"minecraft:white_wool":4,"minecraft:skeleton_skull":2,"minecraft:oxeye_daisy":1,"minecraft:mossy_cobblestone_slab":1,"minecraft:andesite":34,"minecraft:leather":9,"minecraft:filled_map":2,"minecraft:oak_log":35,"minecraft:chainmail_chestplate":1,"minecraft:yellow_bed":2,"minecraft:dirt":3,"minecraft:lantern":1,"minecraft:leather_boots":2,"minecraft:cooked_mutton":6,"minecraft:bone":8,"minecraft:stone_bricks":1,"minecraft:bow":1,"minecraft:wheat_seeds":252,"minecraft:stone_pickaxe":1,"minecraft:polished_andesite_slab":1,"minecraft:oak_planks":34,"minecraft:iron_sword":2,"minecraft:dark_oak_slab":1,"minecraft:cooked_porkchop":5,"minecraft:stone_brick_slab":2,"minecraft:sand":3,"minecraft:white_bed":1,"minecraft:leather_helmet":1,"minecraft:bundle":1,"alexscaves:cooked_radgill":2,"minecraft:diamond":1,"minecraft:chainmail_leggings":2,"minecraft:iron_helmet":3,"minecraft:chainmail_helmet":2,"immersive_armors:divine_helmet":2,"minecraft:black_wool":1,"minecraft:andesite_slab":3},"minecraft:dropped":{"minecraft:iron_ingot":24,"minecraft:iron_sword":1,"minecraft:wheat_seeds":247,"immersive_armors:divine_helmet":1,"minecraft:cooked_porkchop":17,"minecraft:dark_oak_slab":1,"minecraft:iron_helmet":3,"minecraft:spruce_stairs":1,"minecraft:chainmail_helmet":2,"minecraft:leather_helmet":1,"minecraft:dirt":2,"minecraft:stone_button":1,"minecraft:rose_bush":1,"minecraft:coast_armor_trim_smithing_template":1,"minecraft:zombie_head":1,"minecraft:iron_leggings":5,"minecraft:smooth_stone":1,"minecraft:chainmail_leggings":2,"minecraft:string":1,"minecraft:dark_oak_planks":1,"minecraft:white_wool":1,"minecraft:bone":8,"minecraft:stone_brick_slab":1,"minecraft:polished_andesite_slab":1,"minecraft:player_head":3,"minecraft:wheat":2,"minecraft:rotten_flesh":1,"minecraft:iron_boots":6,"minecraft:chainmail_chestplate":1,"minecraft:filled_map":2,"alexscaves:cooked_radgill":4,"minecraft:skeleton_skull":2,"minecraft:bundle":1,"minecraft:spruce_planks":1,"minecraft:iron_chestplate":6,"minecraft:leather_boots":3,"minecraft:chainmail_boots":1,"minecraft:carved_pumpkin":2,"minecraft:stone_pickaxe":1,"minecraft:wooden_pickaxe":1,"minecraft:black_wool":1,"minecraft:egg":1},"minecraft:custom":{"minecraft:mob_kills":41,"minecraft:interact_with_crafting_table":17,"minecraft:open_barrel":43,"minecraft:leave_game":1,"minecraft:time_since_death":31321,"minecraft:climb_one_cm":946,"minecraft:sprint_one_cm":450109,"minecraft:walk_one_cm":225659,"minecraft:drop":77,"minecraft:play_time":121359,"minecraft:deaths":4,"minecraft:sneak_time":1901,"minecraft:walk_under_water_one_cm":16702,"minecraft:jump":1480,"minecraft:walk_on_water_one_cm":21574,"minecraft:total_world_time":121359,"minecraft:interact_with_furnace":49,"minecraft:sleep_in_bed":8,"minecraft:time_since_rest":13713,"minecraft:damage_taken":1890,"minecraft:damage_dealt":5988,"minecraft:swim_one_cm":57640,"minecraft:fly_one_cm":289871,"minecraft:open_chest":24,"minecraft:crouch_one_cm":3859,"tombstone:undead_killed":8,"tombstone:villager_killed":1,"minecraft:interact_with_smoker":1,"minecraft:fall_one_cm":39039},"minecraft:mined":{"minecraft:dark_oak_planks":1,"minecraft:spruce_planks":1,"minecraft:white_bed":1,"minecraft:carved_pumpkin":3,"minecraft:grass_block":1,"minecraft:coal_block":7,"minecraft:polished_andesite_slab":1,"minecraft:oxeye_daisy":1,"minecraft:spawner":5,"minecraft:large_fern":1,"minecraft:hay_block":25,"minecraft:mossy_cobblestone_slab":1,"minecraft:furnace":1,"minecraft:fire":12,"minecraft:cobblestone_slab":1,"biomesoplenty:redwood_log":14,"minecraft:stone":34,"minecraft:iron_block":1,"minecraft:player_head":2,"minecraft:stone_brick_slab":3,"minecraft:torch":1,"minecraft:melon":3,"minecraft:rose_bush":1,"minecraft:andesite_slab":3,"minecraft:tall_grass":1,"minecraft:oak_planks":8,"minecraft:spruce_stairs":1,"minecraft:dark_oak_slab":1,"minecraft:wheat":82,"minecraft:yellow_bed":2,"minecraft:black_wool":1,"minecraft:grass":4,"minecraft:oak_log":36,"minecraft:cobweb":5,"minecraft:cracked_stone_bricks":3,"minecraft:stone_bricks":4,"minecraft:oak_leaves":2},"minecraft:crafted":{"minecraft:smooth_stone":1,"minecraft:oak_planks":37,"minecraft:coal":6,"minecraft:furnace":1,"minecraft:iron_axe":1,"minecraft:stone_pickaxe":1,"minecraft:chest":1,"sophisticatedbackpacks:iron_backpack":1,"minecraft:wheat":45,"minecraft:cooked_beef":14,"sophisticatedbackpacks:backpack":1,"minecraft:cooked_porkchop":35,"minecraft:crafting_table":1,"biomesoplenty:redwood_planks":8,"minecraft:wooden_pickaxe":1,"minecraft:hay_block":4,"minecraft:stone_axe":1,"minecraft:air":761,"minecraft:bread":162,"minecraft:stick":16,"minecraft:iron_ingot":8,"minecraft:iron_pickaxe":1,"minecraft:white_bed":1,"minecraft:torch":8}},"DataVersion":3465}