{"stats":{"minecraft:killed":{"minecraft:cave_spider":1,"minecraft:spider":2,"undead_revamp2:thesmoker":1,"minecraft:dolphin":1,"minecraft:skeleton":38,"minecraft:silverfish":7,"undead_revamp2:thespitter":1,"minecraft:pig":38,"minecraft:zombie_villager":1,"minecraft:sheep":11,"undead_revamp2:theordure":1,"minecraft:pillager":8,"minecraft:zombie":40,"minecraft:stray":5,"minecraft:cow":30,"undead_revamp2:thehunter":3,"minecraft:vindicator":3,"minecraft:slime":1,"undead_revamp2:bomber":1,"minecraft:phantom":1,"undead_revamp2:thehorrors":2,"undead_revamp2:sucker":2,"minecraft:rabbit":1,"undead_revamp2:the_moonflower":5,"undead_revamp2:thesomnolence":2,"minecraft:wither_skeleton":1,"minecraft:villager":1,"minecraft:enderman":1},"minecraft:crafted":{"minecraft:smooth_stone":1,"minecraft:oak_planks":42,"minecraft:cooked_mutton":8,"minecraft:chest":1,"sophisticatedbackpacks:backpack":1,"minecraft:cooked_porkchop":40,"minecraft:diamond_axe":1,"minecraft:crafting_table":3,"minecraft:wooden_pickaxe":1,"minecraft:hay_block":4,"minecraft:shield":3,"sophisticatedbackpacks:diamond_backpack":1,"minecraft:stick":19,"minecraft:light_blue_dye":2,"minecraft:iron_ingot":26,"minecraft:iron_pickaxe":2,"minecraft:coal":6,"comforts:sleeping_bag_white":1,"minecraft:furnace":1,"comforts:sleeping_bag_light_blue":1,"minecraft:iron_axe":2,"minecraft:stone_pickaxe":1,"minecraft:wheat":47,"sophisticatedbackpacks:iron_backpack":1,"minecraft:cooked_beef":14,"minecraft:diamond_sword":1,"biomesoplenty:redwood_planks":8,"sophisticatedbackpacks:gold_backpack":1,"minecraft:stone_axe":1,"minecraft:bread":172,"minecraft:air":821,"minecraft:oak_boat":2,"minecraft:iron_shovel":1,"minecraft:white_bed":1,"minecraft:torch":8},"minecraft:mined":{"minecraft:dark_oak_planks":1,"minecraft:large_amethyst_bud":2,"minecraft:white_bed":7,"minecraft:spruce_planks":1,"minecraft:carved_pumpkin":3,"minecraft:granite":3,"minecraft:grass_block":68,"minecraft:coal_block":22,"minecraft:frosted_ice":1,"minecraft:oxeye_daisy":1,"minecraft:spawner":7,"minecraft:magma_block":1,"minecraft:mossy_cobblestone_slab":1,"minecraft:sticky_piston":6,"minecraft:iron_ore":31,"minecraft:fire":24,"minecraft:cobbled_deepslate":2,"comforts:sleeping_bag_red":1,"graveyard:ossuary":1,"minecraft:deepslate_lapis_ore":2,"biomesoplenty:redwood_log":14,"minecraft:dirt_path":1,"minecraft:iron_bars":2,"minecraft:iron_block":1,"minecraft:player_head":2,"minecraft:piston_head":6,"minecraft:torch":5,"minecraft:melon":3,"graveyard:skeleton_hand":1,"spelunkers_charm:deepslate_geyser":1,"minecraft:oak_planks":11,"minecraft:wall_torch":2,"minecraft:amethyst_block":3,"minecraft:cyan_wool":1,"biomesoplenty:magic_leaves":1,"minecraft:dark_oak_slab":1,"minecraft:wheat":95,"minecraft:lilac":1,"minecraft:stripped_oak_wood":2,"minecraft:light_gray_wool":7,"minecraft:grass":50,"minecraft:oak_log":48,"minecraft:sand":3,"minecraft:dirt":61,"graveyard:small_cyan_urn":1,"minecraft:oak_leaves":3,"minecraft:deepslate":39,"minecraft:dark_prismarine":86,"minecraft:diamond_ore":2,"biomesoplenty:watergrass":2,"minecraft:deepslate_diamond_ore":3,"biomesoplenty:bush":3,"minecraft:jungle_planks":4,"minecraft:stripped_jungle_wood":1,"minecraft:birch_slab":1,"minecraft:polished_andesite_slab":1,"minecraft:large_fern":2,"minecraft:hay_block":27,"minecraft:furnace":2,"comforts:sleeping_bag_light_blue":1,"minecraft:andesite":9,"biomesoplenty:sea_oats":1,"biomesoplenty:high_grass":1,"minecraft:cobblestone_slab":1,"minecraft:deepslate_iron_ore":21,"minecraft:stone":116,"biomesoplenty:spider_egg":1,"minecraft:redstone_block":1,"minecraft:glass_pane":1,"minecraft:stone_brick_slab":3,"minecraft:crafting_table":7,"minecraft:rose_bush":1,"minecraft:andesite_slab":3,"minecraft:campfire":2,"minecraft:stone_slab":4,"biomesoplenty:high_grass_plant":1,"minecraft:tall_grass":3,"biomesoplenty:sprout":1,"minecraft:deepslate_gold_ore":8,"minecraft:diorite":11,"minecraft:spruce_stairs":1,"minecraft:birch_planks":1,"biomesoplenty:blue_hydrangea":1,"minecraft:birch_leaves":3,"minecraft:yellow_bed":4,"minecraft:black_wool":1,"minecraft:coal_ore":15,"minecraft:cobweb":6,"minecraft:cracked_stone_bricks":3,"minecraft:stone_bricks":5,"minecraft:fern":1},"minecraft:broken":{"minecraft:iron_boots":1,"minecraft:iron_chestplate":1,"minecraft:iron_leggings":1,"minecraft:stone_axe":1,"minecraft:flint_and_steel":2,"minecraft:shield":1,"minecraft:iron_axe":1,"immersive_armors:divine_helmet":1},"minecraft:custom":{"minecraft:interact_with_crafting_table":36,"minecraft:open_barrel":84,"minecraft:leave_game":16,"minecraft:time_since_death":41422,"minecraft:damage_resisted":144,"minecraft:sprint_one_cm":2357280,"minecraft:damage_blocked_by_shield":5850,"minecraft:drop":424,"minecraft:talked_to_villager":1,"minecraft:play_time":638926,"minecraft:deaths":19,"minecraft:jump":10814,"minecraft:walk_on_water_one_cm":111782,"minecraft:interact_with_furnace":69,"minecraft:play_record":2,"minecraft:sleep_in_bed":46,"minecraft:damage_dealt":34959,"minecraft:player_kills":1,"minecraft:crouch_one_cm":27164,"tombstone:undead_killed":102,"tombstone:villager_killed":1,"minecraft:interact_with_smoker":10,"minecraft:inspect_dispenser":2,"minecraft:horse_one_cm":200,"minecraft:interact_with_anvil":5,"minecraft:mob_kills":213,"minecraft:damage_dealt_resisted":1010,"minecraft:climb_one_cm":31593,"minecraft:walk_one_cm":1096003,"minecraft:sneak_time":12237,"minecraft:walk_under_water_one_cm":118924,"minecraft:boat_one_cm":79762,"minecraft:interact_with_blast_furnace":1,"minecraft:total_world_time":638926,"tombstone:raider_killed":12,"minecraft:time_since_rest":8882,"minecraft:damage_taken":13435,"minecraft:damage_absorbed":40,"tombstone:cast_on_ally":2,"minecraft:swim_one_cm":270716,"minecraft:fly_one_cm":2090730,"minecraft:open_chest":81,"minecraft:fall_one_cm":323364},"minecraft:dropped":{"minecraft:iron_sword":4,"minecraft:piston":2,"minecraft:brown_mushroom":1,"minecraft:porkchop":47,"minecraft:oak_log":3,"immersive_armors:divine_helmet":1,"minecraft:golden_pickaxe":1,"minecraft:ender_pearl":3,"minecraft:diamond":10,"minecraft:crafting_table":1,"minecraft:cooked_porkchop":22,"minecraft:dark_oak_sapling":1,"minecraft:dark_oak_slab":1,"alexscaves:burrowing_arrow":2,"minecraft:glow_berries":3,"minecraft:leather":5,"minecraft:mossy_stone_brick_stairs":1,"minecraft:jungle_planks":4,"minecraft:iron_horse_armor":1,"minecraft:rail":79,"minecraft:leather_helmet":3,"minecraft:flint":2,"minecraft:music_disc_13":1,"minecraft:dirt":79,"tombstone:bag_of_seeds":3,"minecraft:dark_oak_log":7,"minecraft:stone_button":1,"minecraft:cornflower":2,"minecraft:mutton":11,"minecraft:coast_armor_trim_smithing_template":1,"minecraft:cooked_cod":3,"immersive_armors:prismarine_helmet":1,"minecraft:bone_block":6,"minecraft:sand":9,"undead_revamp2:blacpetalblock":1,"minecraft:dark_oak_planks":1,"biomesoplenty:glowflower":2,"ironbows:iron_bow":2,"minecraft:white_wool":7,"minecraft:gold_ingot":23,"minecraft:bone":23,"minecraft:gravel":26,"biomesoplenty:toadstool":2,"comforts:sleeping_bag_red":1,"minecraft:polished_andesite_slab":1,"minecraft:golden_chestplate":3,"minecraft:detector_rail":10,"minecraft:cobbled_deepslate":3,"minecraft:stripped_jungle_wood":1,"minecraft:wheat":3,"minecraft:rotten_flesh":30,"minecraft:oak_planks":26,"minecraft:cooked_mutton":17,"minecraft:azure_bluet":1,"minecraft:white_bed":1,"minecraft:rabbit_foot":2,"minecraft:chainmail_chestplate":1,"minecraft:skeleton_skull":2,"minecraft:charcoal":10,"minecraft:jungle_log":1,"minecraft:beetroot_seeds":21,"minecraft:melon_seeds":14,"minecraft:chainmail_boots":1,"minecraft:leather_boots":3,"minecraft:ladder":4,"tombstone:scroll_of_knowledge":1,"minecraft:leather_leggings":1,"minecraft:iron_ore":17,"minecraft:iron_bars":2,"minecraft:powered_rail":6,"minecraft:beef":53,"minecraft:egg":2,"minecraft:enchanted_book":3,"minecraft:iron_ingot":36,"minecraft:bread":5,"minecraft:black_dye":5,"minecraft:wheat_seeds":342,"minecraft:clock":1,"minecraft:golden_helmet":1,"minecraft:lilac":3,"minecraft:iron_helmet":7,"minecraft:cobblestone":53,"minecraft:book":35,"minecraft:tropical_fish":1,"minecraft:spruce_stairs":1,"minecraft:chainmail_helmet":2,"immersive_armors:warrior_chestplate":2,"spelunkers_charm:deepslate_rock":3,"minecraft:stick":3,"minecraft:diorite":11,"minecraft:rose_bush":1,"minecraft:rabbit":1,"minecraft:brown_wool":1,"minecraft:cooked_salmon":2,"minecraft:zombie_head":1,"minecraft:iron_leggings":5,"minecraft:heart_of_the_sea":1,"minecraft:smooth_stone":1,"minecraft:iron_shovel":1,"minecraft:chainmail_leggings":2,"minecraft:string":15,"minecraft:bucket":1,"tombstone:voodoo_poppet":1,"minecraft:redstone_block":1,"minecraft:music_disc_cat":3,"minecraft:redstone":18,"minecraft:stone_brick_slab":1,"minecraft:player_head":3,"minecraft:cocoa_beans":3,"minecraft:deepslate":1,"minecraft:light_gray_wool":2,"minecraft:iron_boots":7,"tombstone:scroll_of_unstable_intangibility":2,"minecraft:pumpkin_seeds":4,"minecraft:lily_of_the_valley":2,"minecraft:filled_map":8,"minecraft:light_blue_dye":1,"minecraft:cyan_wool":3,"minecraft:shield":3,"undead_revamp2:heavytooth":1,"alexscaves:cooked_radgill":4,"minecraft:diamond_chestplate":1,"minecraft:spruce_planks":1,"minecraft:bundle":7,"minecraft:iron_chestplate":6,"sophisticatedbackpacks:magnet_upgrade":1,"minecraft:andesite":5,"minecraft:pink_wool":1,"minecraft:golden_leggings":1,"minecraft:oak_boat":1,"minecraft:oak_sapling":3,"biomesoplenty:blue_hydrangea":3,"minecraft:carved_pumpkin":2,"minecraft:spider_eye":1,"minecraft:stone_bricks":1,"minecraft:brown_carpet":1,"minecraft:diamond_boots":1,"minecraft:slime_ball":1,"biomesoplenty:magic_log":5,"minecraft:bow":4,"minecraft:stone_pickaxe":1,"minecraft:wooden_pickaxe":1,"minecraft:magma_block":2,"minecraft:dark_prismarine":21,"minecraft:cooked_rabbit":1,"minecraft:black_wool":1},"minecraft:used":{"minecraft:iron_shovel":111,"minecraft:iron_sword":554,"minecraft:shield":89,"tombstone:scroll_of_purification":1,"minecraft:player_head":1,"graveyard:small_cyan_urn":1,"minecraft:carrot":19,"minecraft:lantern":1,"minecraft:music_disc_ward":1,"minecraft:item_frame":1,"minecraft:music_disc_stal":1,"graveyard:torso_pile":2,"minecraft:bow":25,"ironbows:iron_bow":17,"minecraft:furnace":2,"minecraft:egg":1,"minecraft:stone_pickaxe":35,"minecraft:oak_planks":78,"minecraft:wooden_pickaxe":35,"minecraft:diamond_axe":8,"graveyard:skeleton_hand":2,"minecraft:bread":177,"minecraft:stone_button":1,"comforts:sleeping_bag_light_blue":17,"minecraft:diamond_sword":146,"minecraft:andesite":4,"minecraft:oak_boat":9,"minecraft:experience_bottle":1,"graveyard:skull_on_pike":2,"minecraft:armor_stand":9,"minecraft:flint_and_steel":181,"minecraft:torch":71,"minecraft:dirt":127,"minecraft:spyglass":80,"minecraft:granite":2,"biomesoplenty:redwood_log":4,"minecraft:iron_axe":174,"minecraft:barrel":1,"minecraft:diamond_chestplate":1,"comforts:sleeping_bag_white":8,"tombstone:gift":9,"minecraft:cobbled_deepslate":106,"minecraft:cooked_mutton":2,"minecraft:water_bucket":48,"graveyard:bone_remains":1,"minecraft:leather_boots":1,"graveyard:ossuary":1,"minecraft:oak_slab":2,"minecraft:crafting_table":10,"minecraft:white_bed":8,"minecraft:oak_log":1,"minecraft:oxeye_daisy":1,"minecraft:iron_pickaxe":382,"tombstone:magic_scroll":1,"minecraft:stone_axe":90,"minecraft:cobblestone":36,"minecraft:porkchop":5,"minecraft:cooked_porkchop":23,"minecraft:bucket":48,"minecraft:pumpkin_pie":1,"minecraft:yellow_bed":4},"minecraft:killed_by":{"undead_revamp2:the_moonflower":1,"minecraft:drowned":1,"undead_revamp2:clogger":2,"minecraft:vindicator":2,"minecraft:husk":1,"minecraft:stray":2,"minecraft:hoglin":1,"minecraft:skeleton":4,"undead_revamp2:thebeartamer":1},"minecraft:picked_up":{"minecraft:iron_chestplate":6,"minecraft:wheat":96,"minecraft:redstone_block":1,"minecraft:chainmail_boots":1,"minecraft:enchanted_book":3,"immersive_armors:prismarine_helmet":1,"sophisticatedbackpacks:magnet_upgrade":1,"minecraft:amethyst_block":4,"minecraft:music_disc_cat":3,"minecraft:string":17,"minecraft:cooked_salmon":2,"minecraft:sticky_piston":6,"minecraft:iron_leggings":6,"minecraft:armor_stand":9,"minecraft:experience_bottle":1,"minecraft:zombie_head":1,"minecraft:activator_rail":3,"minecraft:cobbled_deepslate":111,"minecraft:bucket":2,"comforts:sleeping_bag_white":8,"minecraft:spruce_planks":1,"minecraft:rose_bush":1,"minecraft:cobblestone_slab":1,"minecraft:iron_pickaxe":2,"minecraft:melon_slice":14,"minecraft:coal_block":21,"minecraft:iron_boots":9,"minecraft:furnace":2,"minecraft:tipped_arrow":2,"minecraft:golden_helmet":2,"minecraft:torch":113,"minecraft:spruce_stairs":1,"minecraft:porkchop":80,"tombstone:grave_dust":11,"minecraft:diorite":11,"tombstone:tablet_of_cupidity":1,"minecraft:rabbit_foot":1,"minecraft:black_dye":5,"minecraft:brown_carpet":1,"minecraft:rotten_flesh":43,"minecraft:tropical_fish":1,"minecraft:music_disc_ward":1,"minecraft:iron_block":1,"minecraft:carved_pumpkin":2,"minecraft:iron_bars":2,"graveyard:skull_on_pike":2,"minecraft:cobblestone":124,"minecraft:magma_block":2,"minecraft:mossy_cobblestone_slab":1,"minecraft:cooked_beef":23,"minecraft:lilac":3,"minecraft:jungle_log":1,"minecraft:andesite":43,"minecraft:brown_wool":1,"minecraft:golden_leggings":1,"minecraft:flint":2,"minecraft:lapis_lazuli":11,"minecraft:dirt":187,"minecraft:lantern":1,"minecraft:name_tag":7,"minecraft:leather_boots":2,"minecraft:bone":52,"undead_revamp2:blacpetalblock":1,"minecraft:bow":4,"minecraft:wheat_seeds":344,"minecraft:raw_gold":10,"minecraft:rabbit":1,"minecraft:powered_rail":8,"minecraft:mossy_stone_brick_stairs":1,"minecraft:oak_planks":39,"ironbows:iron_bow":3,"biomesoplenty:toadstool":2,"minecraft:cooked_porkchop":10,"minecraft:music_disc_13":1,"minecraft:sand":9,"minecraft:jungle_planks":4,"minecraft:lily_of_the_valley":1,"minecraft:dark_oak_log":7,"minecraft:barrel":1,"minecraft:dark_prismarine":85,"undead_revamp2:heavytooth":1,"biomesoplenty:glowflower":1,"minecraft:bundle":8,"alexscaves:cooked_radgill":2,"minecraft:diamond":28,"minecraft:deepslate":1,"minecraft:crossbow":1,"minecraft:granite":2,"minecraft:golden_apple":2,"minecraft:chainmail_helmet":2,"minecraft:emerald":2,"minecraft:bread":10,"immersive_armors:divine_helmet":2,"minecraft:oak_sapling":3,"minecraft:andesite_slab":3,"minecraft:charcoal":10,"biomesoplenty:redwood_log":14,"minecraft:cocoa_beans":3,"minecraft:crafting_table":9,"minecraft:azure_bluet":1,"minecraft:ladder":4,"minecraft:leather_leggings":1,"minecraft:brown_mushroom":3,"minecraft:pink_wool":1,"spelunkers_charm:deepslate_rock":3,"minecraft:cooked_rabbit":2,"tombstone:scroll_of_preservation":1,"minecraft:shield":3,"minecraft:cornflower":2,"minecraft:flint_and_steel":1,"minecraft:item_frame":1,"minecraft:detector_rail":23,"tombstone:scroll_of_unstable_intangibility":1,"alexscaves:burrowing_arrow":2,"minecraft:beef":59,"minecraft:oak_boat":8,"minecraft:player_head":5,"minecraft:cyan_wool":3,"minecraft:light_gray_wool":4,"minecraft:chest":1,"minecraft:piston":2,"minecraft:phantom_membrane":1,"minecraft:egg":3,"minecraft:dark_oak_sapling":1,"minecraft:raw_iron":48,"sophisticatedbackpacks:crafting_upgrade":1,"minecraft:stone_button":2,"graveyard:small_cyan_urn":1,"minecraft:redstone":34,"minecraft:iron_horse_armor":2,"graveyard:torso_pile":2,"minecraft:dark_oak_planks":1,"minecraft:arrow":33,"biomesoplenty:blue_hydrangea":4,"minecraft:diamond_chestplate":2,"minecraft:cooked_cod":3,"minecraft:beetroot_seeds":23,"minecraft:pumpkin_pie":1,"minecraft:diamond_boots":4,"minecraft:hay_block":27,"comforts:sleeping_bag_red":1,"immersive_armors:warrior_chestplate":2,"minecraft:gold_ingot":8,"tombstone:essence_of_undeath":1,"minecraft:glow_berries":18,"minecraft:mutton":25,"minecraft:bone_block":6,"minecraft:rail":91,"minecraft:skeleton_skull":2,"minecraft:white_wool":13,"minecraft:oxeye_daisy":1,"minecraft:leather":31,"minecraft:music_disc_stal":1,"minecraft:red_mushroom":1,"minecraft:filled_map":5,"spelunkers_charm:old_miners_bundle":12,"minecraft:oak_log":43,"minecraft:chainmail_chestplate":1,"minecraft:lily_pad":3,"minecraft:yellow_bed":4,"comforts:sleeping_bag_light_blue":17,"tombstone:voodoo_poppet":1,"minecraft:white_banner":1,"minecraft:cooked_mutton":23,"minecraft:stone_bricks":2,"minecraft:iron_ingot":14,"graveyard:bone_remains":1,"minecraft:stone_pickaxe":1,"biomesoplenty:magic_log":4,"tombstone:bag_of_seeds":3,"minecraft:polished_andesite_slab":1,"minecraft:iron_sword":4,"minecraft:book":10,"minecraft:oak_slab":2,"minecraft:dark_oak_slab":1,"minecraft:pumpkin":16,"minecraft:stone_brick_slab":2,"graveyard:ossuary":2,"minecraft:spyglass":1,"graveyard:skeleton_hand":2,"minecraft:gravel":26,"minecraft:white_bed":8,"minecraft:spider_eye":1,"minecraft:leather_helmet":2,"minecraft:pumpkin_seeds":12,"minecraft:stripped_jungle_wood":1,"minecraft:chainmail_leggings":2,"minecraft:iron_helmet":8,"tombstone:magic_scroll":3,"minecraft:melon_seeds":15,"minecraft:black_wool":1,"minecraft:coal":27}},"DataVersion":3465}