{"stats":{"minecraft:killed":{"undead_revamp2:bomber":1,"minecraft:dolphin":1,"minecraft:slime":1,"minecraft:skeleton":8,"minecraft:silverfish":7,"minecraft:pig":15,"undead_revamp2:the_moonflower":3,"minecraft:sheep":7,"undead_revamp2:thesomnolence":2,"minecraft:zombie":8,"minecraft:villager":1,"minecraft:cow":12},"minecraft:dropped":{"minecraft:iron_ingot":25,"minecraft:iron_sword":1,"minecraft:wheat_seeds":247,"minecraft:golden_helmet":1,"immersive_armors:divine_helmet":1,"minecraft:cooked_porkchop":17,"minecraft:dark_oak_slab":1,"minecraft:iron_helmet":3,"minecraft:spruce_stairs":1,"immersive_armors:warrior_chestplate":2,"minecraft:chainmail_helmet":2,"minecraft:leather_helmet":1,"minecraft:dirt":7,"minecraft:diorite":11,"minecraft:stone_button":1,"minecraft:rose_bush":1,"minecraft:coast_armor_trim_smithing_template":1,"minecraft:zombie_head":1,"minecraft:iron_leggings":5,"minecraft:heart_of_the_sea":1,"minecraft:sand":8,"minecraft:smooth_stone":1,"minecraft:chainmail_leggings":2,"minecraft:string":1,"minecraft:dark_oak_planks":1,"minecraft:white_wool":1,"minecraft:stone_brick_slab":1,"minecraft:bone":8,"minecraft:polished_andesite_slab":1,"minecraft:player_head":3,"minecraft:cobbled_deepslate":1,"minecraft:wheat":2,"minecraft:rotten_flesh":10,"minecraft:oak_planks":6,"minecraft:iron_boots":6,"minecraft:chainmail_chestplate":1,"minecraft:filled_map":3,"alexscaves:cooked_radgill":4,"minecraft:skeleton_skull":2,"minecraft:spruce_planks":1,"minecraft:bundle":2,"minecraft:iron_chestplate":6,"minecraft:andesite":2,"minecraft:leather_boots":3,"minecraft:chainmail_boots":1,"minecraft:carved_pumpkin":2,"minecraft:stone_pickaxe":1,"minecraft:wooden_pickaxe":1,"minecraft:black_wool":1,"minecraft:egg":2},"minecraft:custom":{"minecraft:mob_kills":66,"minecraft:interact_with_crafting_table":19,"minecraft:open_barrel":43,"minecraft:leave_game":4,"minecraft:time_since_death":72719,"minecraft:climb_one_cm":1148,"minecraft:sprint_one_cm":633980,"minecraft:walk_one_cm":285040,"minecraft:damage_blocked_by_shield":255,"minecraft:drop":100,"minecraft:play_time":162757,"minecraft:sneak_time":3483,"minecraft:deaths":4,"minecraft:walk_under_water_one_cm":18278,"minecraft:jump":2172,"minecraft:walk_on_water_one_cm":22500,"minecraft:total_world_time":162757,"minecraft:interact_with_furnace":49,"minecraft:sleep_in_bed":10,"minecraft:time_since_rest":27499,"minecraft:damage_taken":2504,"minecraft:damage_absorbed":40,"minecraft:damage_dealt":9373,"minecraft:swim_one_cm":61008,"minecraft:fly_one_cm":429598,"minecraft:open_chest":28,"minecraft:crouch_one_cm":6155,"tombstone:undead_killed":20,"tombstone:villager_killed":1,"minecraft:interact_with_smoker":1,"minecraft:fall_one_cm":59396},"minecraft:crafted":{"minecraft:oak_planks":37,"minecraft:smooth_stone":1,"minecraft:coal":6,"comforts:sleeping_bag_white":1,"minecraft:furnace":1,"minecraft:iron_axe":1,"minecraft:stone_pickaxe":1,"minecraft:chest":1,"sophisticatedbackpacks:iron_backpack":1,"minecraft:wheat":45,"minecraft:cooked_beef":14,"sophisticatedbackpacks:backpack":1,"minecraft:cooked_porkchop":35,"minecraft:crafting_table":1,"biomesoplenty:redwood_planks":8,"minecraft:wooden_pickaxe":1,"minecraft:hay_block":4,"minecraft:stone_axe":1,"minecraft:bread":162,"minecraft:air":761,"minecraft:shield":1,"minecraft:stick":16,"minecraft:iron_ingot":8,"minecraft:iron_pickaxe":1,"minecraft:white_bed":1,"minecraft:torch":8},"minecraft:killed_by":{"minecraft:skeleton":3},"minecraft:picked_up":{"biomesoplenty:redwood_log":14,"minecraft:crafting_table":4,"minecraft:iron_chestplate":5,"minecraft:wheat":83,"minecraft:chainmail_boots":1,"minecraft:string":7,"minecraft:iron_leggings":5,"minecraft:item_frame":1,"minecraft:armor_stand":9,"minecraft:experience_bottle":1,"minecraft:zombie_head":1,"minecraft:cobbled_deepslate":4,"minecraft:spruce_planks":1,"minecraft:beef":23,"minecraft:rose_bush":1,"minecraft:cobblestone_slab":1,"minecraft:player_head":5,"minecraft:coal_block":6,"minecraft:melon_slice":14,"minecraft:furnace":2,"minecraft:egg":2,"minecraft:iron_boots":6,"minecraft:golden_helmet":1,"minecraft:raw_iron":8,"minecraft:torch":3,"minecraft:spruce_stairs":1,"minecraft:porkchop":31,"minecraft:stone_button":2,"tombstone:grave_dust":2,"minecraft:diorite":11,"minecraft:dark_oak_planks":1,"minecraft:arrow":6,"minecraft:rotten_flesh":10,"minecraft:pumpkin_pie":1,"minecraft:hay_block":25,"minecraft:carved_pumpkin":2,"minecraft:iron_block":1,"immersive_armors:warrior_chestplate":2,"minecraft:mutton":10,"minecraft:skeleton_skull":2,"minecraft:white_wool":7,"minecraft:cobblestone":88,"minecraft:oxeye_daisy":1,"minecraft:mossy_cobblestone_slab":1,"minecraft:andesite":36,"minecraft:leather":13,"minecraft:filled_map":2,"minecraft:oak_log":35,"minecraft:chainmail_chestplate":1,"minecraft:yellow_bed":4,"minecraft:dirt":8,"minecraft:lantern":1,"minecraft:leather_boots":2,"minecraft:cooked_mutton":6,"minecraft:bone":10,"minecraft:stone_bricks":1,"minecraft:bow":1,"minecraft:wheat_seeds":252,"minecraft:raw_gold":5,"minecraft:stone_pickaxe":1,"minecraft:polished_andesite_slab":1,"minecraft:iron_sword":2,"minecraft:oak_planks":38,"minecraft:dark_oak_slab":1,"minecraft:cooked_porkchop":5,"minecraft:stone_brick_slab":2,"minecraft:sand":8,"minecraft:white_bed":1,"minecraft:leather_helmet":1,"minecraft:bundle":3,"alexscaves:cooked_radgill":2,"minecraft:diamond":8,"minecraft:chainmail_leggings":2,"minecraft:iron_helmet":3,"minecraft:chainmail_helmet":2,"tombstone:magic_scroll":1,"immersive_armors:divine_helmet":2,"minecraft:black_wool":1,"minecraft:andesite_slab":3},"minecraft:mined":{"minecraft:dark_oak_planks":1,"minecraft:diamond_ore":2,"minecraft:spruce_planks":1,"minecraft:white_bed":1,"minecraft:deepslate_diamond_ore":1,"minecraft:carved_pumpkin":3,"minecraft:granite":1,"minecraft:grass_block":1,"minecraft:coal_block":7,"minecraft:polished_andesite_slab":1,"minecraft:oxeye_daisy":1,"minecraft:spawner":5,"minecraft:large_fern":1,"minecraft:hay_block":25,"minecraft:mossy_cobblestone_slab":1,"minecraft:furnace":2,"minecraft:iron_ore":2,"minecraft:fire":18,"minecraft:andesite":2,"minecraft:deepslate_iron_ore":7,"biomesoplenty:redwood_log":14,"minecraft:cobblestone_slab":1,"minecraft:stone":88,"minecraft:iron_block":1,"minecraft:player_head":2,"minecraft:stone_brick_slab":3,"minecraft:crafting_table":3,"minecraft:torch":2,"minecraft:melon":3,"minecraft:rose_bush":1,"minecraft:andesite_slab":3,"minecraft:tall_grass":1,"minecraft:deepslate_gold_ore":3,"minecraft:oak_planks":11,"minecraft:diorite":11,"minecraft:spruce_stairs":1,"minecraft:dark_oak_slab":1,"minecraft:wheat":82,"minecraft:yellow_bed":4,"minecraft:grass":4,"minecraft:black_wool":1,"minecraft:oak_log":36,"minecraft:sand":2,"minecraft:cobweb":5,"minecraft:cracked_stone_bricks":3,"minecraft:stone_bricks":4,"minecraft:oak_leaves":2,"minecraft:deepslate":5},"minecraft:broken":{"minecraft:stone_axe":1},"minecraft:used":{"minecraft:flint_and_steel":53,"minecraft:armor_stand":9,"minecraft:shield":4,"minecraft:iron_sword":202,"minecraft:player_head":1,"minecraft:torch":3,"minecraft:dirt":1,"biomesoplenty:redwood_log":4,"minecraft:lantern":1,"minecraft:iron_axe":93,"minecraft:item_frame":1,"minecraft:bow":4,"minecraft:furnace":2,"tombstone:gift":3,"minecraft:cobbled_deepslate":3,"minecraft:cooked_mutton":2,"minecraft:water_bucket":17,"minecraft:stone_pickaxe":35,"minecraft:oak_planks":78,"minecraft:wooden_pickaxe":35,"minecraft:leather_boots":1,"minecraft:crafting_table":3,"minecraft:white_bed":2,"minecraft:oak_log":1,"minecraft:oxeye_daisy":1,"minecraft:bread":3,"minecraft:iron_pickaxe":103,"minecraft:stone_button":1,"minecraft:stone_axe":90,"minecraft:cobblestone":13,"minecraft:porkchop":5,"minecraft:cooked_porkchop":23,"minecraft:bucket":16,"minecraft:yellow_bed":4,"minecraft:experience_bottle":1}},"DataVersion":3465}