{"stats":{"minecraft:killed_by":{"minecraft:drowned":1,"minecraft:vindicator":2,"minecraft:stray":1,"minecraft:skeleton":3},"minecraft:used":{"minecraft:shield":45,"minecraft:iron_sword":351,"minecraft:player_head":1,"graveyard:small_cyan_urn":1,"minecraft:carrot":19,"minecraft:lantern":1,"minecraft:music_disc_stal":1,"minecraft:item_frame":1,"graveyard:torso_pile":2,"minecraft:bow":11,"ironbows:iron_bow":15,"minecraft:furnace":2,"minecraft:stone_pickaxe":35,"minecraft:oak_planks":78,"minecraft:wooden_pickaxe":35,"graveyard:skeleton_hand":2,"minecraft:bread":62,"minecraft:stone_button":1,"minecraft:experience_bottle":1,"graveyard:skull_on_pike":2,"minecraft:flint_and_steel":117,"minecraft:armor_stand":9,"minecraft:torch":12,"minecraft:dirt":1,"minecraft:spyglass":36,"biomesoplenty:redwood_log":4,"minecraft:iron_axe":138,"tombstone:gift":5,"comforts:sleeping_bag_white":7,"minecraft:cobbled_deepslate":77,"minecraft:cooked_mutton":2,"graveyard:bone_remains":1,"minecraft:water_bucket":27,"minecraft:leather_boots":1,"graveyard:ossuary":1,"minecraft:oak_slab":2,"minecraft:crafting_table":6,"minecraft:white_bed":2,"minecraft:oak_log":1,"minecraft:oxeye_daisy":1,"minecraft:iron_pickaxe":167,"minecraft:stone_axe":90,"minecraft:cobblestone":14,"minecraft:cooked_porkchop":23,"minecraft:porkchop":5,"minecraft:bucket":27,"minecraft:yellow_bed":4,"minecraft:pumpkin_pie":1},"minecraft:crafted":{"minecraft:oak_planks":37,"minecraft:smooth_stone":1,"minecraft:chest":1,"sophisticatedbackpacks:backpack":1,"minecraft:cooked_porkchop":35,"minecraft:crafting_table":1,"minecraft:wooden_pickaxe":1,"minecraft:hay_block":4,"minecraft:shield":1,"sophisticatedbackpacks:diamond_backpack":1,"minecraft:stick":16,"minecraft:iron_pickaxe":1,"minecraft:iron_ingot":26,"minecraft:coal":6,"comforts:sleeping_bag_white":1,"minecraft:furnace":1,"minecraft:iron_axe":1,"minecraft:stone_pickaxe":1,"minecraft:wheat":45,"sophisticatedbackpacks:iron_backpack":1,"minecraft:cooked_beef":14,"biomesoplenty:redwood_planks":8,"sophisticatedbackpacks:gold_backpack":1,"minecraft:stone_axe":1,"minecraft:bread":162,"minecraft:air":761,"minecraft:white_bed":1,"minecraft:torch":8},"minecraft:picked_up":{"minecraft:iron_chestplate":5,"minecraft:wheat":83,"minecraft:chainmail_boots":1,"minecraft:enchanted_book":2,"minecraft:amethyst_block":4,"minecraft:string":14,"minecraft:cooked_salmon":2,"minecraft:iron_leggings":5,"minecraft:armor_stand":9,"minecraft:zombie_head":1,"minecraft:experience_bottle":1,"minecraft:cobbled_deepslate":80,"minecraft:bucket":1,"comforts:sleeping_bag_white":7,"minecraft:spruce_planks":1,"minecraft:rose_bush":1,"minecraft:cobblestone_slab":1,"minecraft:coal_block":6,"minecraft:melon_slice":14,"minecraft:furnace":2,"minecraft:iron_boots":7,"minecraft:tipped_arrow":2,"minecraft:golden_helmet":2,"minecraft:torch":26,"minecraft:spruce_stairs":1,"minecraft:porkchop":43,"minecraft:diorite":11,"tombstone:grave_dust":8,"minecraft:rabbit_foot":1,"minecraft:brown_carpet":1,"minecraft:black_dye":5,"minecraft:rotten_flesh":20,"minecraft:tropical_fish":1,"minecraft:iron_block":1,"minecraft:carved_pumpkin":2,"graveyard:skull_on_pike":2,"minecraft:cobblestone":94,"minecraft:magma_block":2,"minecraft:mossy_cobblestone_slab":1,"minecraft:andesite":36,"minecraft:brown_wool":1,"minecraft:dirt":19,"minecraft:lantern":1,"minecraft:leather_boots":2,"minecraft:bone":27,"undead_revamp2:blacpetalblock":1,"minecraft:bow":3,"minecraft:wheat_seeds":252,"minecraft:raw_gold":10,"minecraft:rabbit":1,"minecraft:oak_planks":39,"ironbows:iron_bow":3,"biomesoplenty:toadstool":2,"minecraft:cooked_porkchop":5,"minecraft:jungle_planks":4,"minecraft:sand":8,"undead_revamp2:heavytooth":1,"minecraft:bundle":4,"alexscaves:cooked_radgill":2,"minecraft:diamond":10,"minecraft:deepslate":1,"minecraft:emerald":2,"minecraft:chainmail_helmet":2,"immersive_armors:divine_helmet":2,"minecraft:oak_sapling":3,"minecraft:andesite_slab":3,"biomesoplenty:redwood_log":14,"minecraft:crafting_table":6,"minecraft:ladder":4,"minecraft:cooked_rabbit":2,"minecraft:cornflower":2,"minecraft:flint_and_steel":1,"minecraft:item_frame":1,"minecraft:detector_rail":4,"alexscaves:burrowing_arrow":2,"minecraft:beef":40,"minecraft:cyan_wool":3,"minecraft:player_head":5,"minecraft:chest":1,"minecraft:phantom_membrane":1,"minecraft:egg":2,"minecraft:raw_iron":40,"minecraft:stone_button":2,"graveyard:small_cyan_urn":1,"graveyard:torso_pile":2,"minecraft:dark_oak_planks":1,"minecraft:arrow":14,"minecraft:cooked_cod":3,"minecraft:beetroot_seeds":4,"minecraft:pumpkin_pie":1,"minecraft:hay_block":25,"immersive_armors:warrior_chestplate":2,"minecraft:mutton":15,"minecraft:bone_block":6,"minecraft:skeleton_skull":2,"minecraft:white_wool":11,"minecraft:oxeye_daisy":1,"minecraft:leather":20,"minecraft:music_disc_stal":1,"minecraft:filled_map":4,"spelunkers_charm:old_miners_bundle":1,"minecraft:oak_log":35,"minecraft:chainmail_chestplate":1,"minecraft:yellow_bed":4,"minecraft:cooked_mutton":15,"minecraft:stone_bricks":2,"graveyard:bone_remains":1,"minecraft:iron_ingot":4,"minecraft:stone_pickaxe":1,"tombstone:bag_of_seeds":1,"minecraft:polished_andesite_slab":1,"minecraft:iron_sword":4,"minecraft:oak_slab":2,"minecraft:book":10,"minecraft:dark_oak_slab":1,"minecraft:stone_brick_slab":2,"graveyard:ossuary":2,"minecraft:spyglass":1,"graveyard:skeleton_hand":2,"minecraft:white_bed":1,"minecraft:leather_helmet":1,"minecraft:pumpkin_seeds":4,"minecraft:chainmail_leggings":2,"minecraft:iron_helmet":8,"tombstone:magic_scroll":1,"minecraft:black_wool":1,"minecraft:melon_seeds":4,"minecraft:coal":3},"minecraft:killed":{"minecraft:spider":1,"minecraft:dolphin":1,"minecraft:skeleton":14,"minecraft:silverfish":7,"undead_revamp2:thespitter":1,"minecraft:pig":23,"minecraft:sheep":10,"minecraft:pillager":2,"minecraft:zombie":17,"minecraft:stray":5,"minecraft:cow":20,"minecraft:vindicator":3,"undead_revamp2:bomber":1,"minecraft:slime":1,"minecraft:phantom":1,"minecraft:rabbit":1,"undead_revamp2:the_moonflower":3,"undead_revamp2:thesomnolence":2,"minecraft:villager":1,"minecraft:enderman":1},"minecraft:broken":{"minecraft:iron_boots":1,"minecraft:iron_chestplate":1,"minecraft:stone_axe":1,"minecraft:flint_and_steel":1,"immersive_armors:divine_helmet":1},"minecraft:mined":{"minecraft:dark_oak_planks":1,"minecraft:large_amethyst_bud":2,"minecraft:spruce_planks":1,"minecraft:white_bed":1,"minecraft:carved_pumpkin":3,"minecraft:granite":1,"minecraft:grass_block":1,"minecraft:coal_block":7,"minecraft:frosted_ice":1,"minecraft:oxeye_daisy":1,"minecraft:spawner":5,"minecraft:mossy_cobblestone_slab":1,"minecraft:iron_ore":23,"minecraft:fire":22,"graveyard:ossuary":1,"biomesoplenty:redwood_log":14,"minecraft:iron_block":1,"minecraft:player_head":2,"minecraft:torch":3,"minecraft:melon":3,"graveyard:skeleton_hand":1,"spelunkers_charm:deepslate_geyser":1,"minecraft:oak_planks":11,"minecraft:amethyst_block":3,"minecraft:cyan_wool":1,"biomesoplenty:magic_leaves":1,"minecraft:dark_oak_slab":1,"minecraft:wheat":82,"minecraft:grass":26,"minecraft:oak_log":36,"minecraft:sand":2,"graveyard:small_cyan_urn":1,"minecraft:oak_leaves":3,"minecraft:deepslate":9,"minecraft:diamond_ore":2,"minecraft:deepslate_diamond_ore":3,"biomesoplenty:bush":3,"minecraft:jungle_planks":4,"minecraft:polished_andesite_slab":1,"minecraft:large_fern":1,"minecraft:hay_block":25,"minecraft:furnace":2,"minecraft:andesite":2,"biomesoplenty:sea_oats":1,"biomesoplenty:high_grass":1,"minecraft:cobblestone_slab":1,"minecraft:deepslate_iron_ore":21,"minecraft:stone":93,"minecraft:stone_brick_slab":3,"minecraft:crafting_table":4,"minecraft:rose_bush":1,"minecraft:andesite_slab":3,"biomesoplenty:high_grass_plant":1,"minecraft:tall_grass":2,"minecraft:deepslate_gold_ore":8,"minecraft:diorite":11,"minecraft:spruce_stairs":1,"minecraft:yellow_bed":4,"minecraft:black_wool":1,"minecraft:coal_ore":3,"minecraft:cobweb":6,"minecraft:cracked_stone_bricks":3,"minecraft:stone_bricks":5},"minecraft:custom":{"minecraft:interact_with_crafting_table":27,"minecraft:open_barrel":54,"minecraft:leave_game":6,"minecraft:time_since_death":27804,"minecraft:sprint_one_cm":1291778,"minecraft:damage_blocked_by_shield":2880,"minecraft:drop":179,"minecraft:play_time":333967,"minecraft:deaths":10,"minecraft:jump":5357,"minecraft:walk_on_water_one_cm":54066,"minecraft:interact_with_furnace":68,"minecraft:play_record":1,"minecraft:sleep_in_bed":23,"minecraft:damage_dealt":17244,"minecraft:player_kills":1,"minecraft:crouch_one_cm":11104,"tombstone:undead_killed":42,"tombstone:villager_killed":1,"minecraft:interact_with_smoker":1,"minecraft:horse_one_cm":200,"minecraft:mob_kills":116,"minecraft:interact_with_anvil":2,"minecraft:damage_dealt_resisted":613,"minecraft:climb_one_cm":5067,"minecraft:walk_one_cm":610792,"minecraft:sneak_time":5498,"minecraft:walk_under_water_one_cm":47302,"minecraft:boat_one_cm":42984,"minecraft:interact_with_blast_furnace":1,"minecraft:total_world_time":333967,"tombstone:raider_killed":6,"minecraft:time_since_rest":7363,"minecraft:damage_taken":6747,"minecraft:damage_absorbed":40,"minecraft:swim_one_cm":171821,"minecraft:fly_one_cm":1043536,"minecraft:open_chest":46,"minecraft:fall_one_cm":169203},"minecraft:dropped":{"minecraft:iron_sword":3,"minecraft:golden_pickaxe":1,"immersive_armors:divine_helmet":1,"minecraft:ender_pearl":3,"minecraft:cooked_porkchop":17,"minecraft:dark_oak_slab":1,"alexscaves:burrowing_arrow":2,"minecraft:jungle_planks":4,"minecraft:leather_helmet":1,"minecraft:dirt":7,"tombstone:bag_of_seeds":1,"minecraft:stone_button":1,"minecraft:cornflower":2,"minecraft:mutton":4,"minecraft:coast_armor_trim_smithing_template":1,"minecraft:cooked_cod":3,"minecraft:sand":8,"undead_revamp2:blacpetalblock":1,"minecraft:dark_oak_planks":1,"ironbows:iron_bow":2,"minecraft:white_wool":5,"minecraft:bone":10,"biomesoplenty:toadstool":2,"minecraft:polished_andesite_slab":1,"minecraft:cobbled_deepslate":3,"minecraft:wheat":2,"minecraft:rotten_flesh":20,"minecraft:oak_planks":6,"minecraft:cooked_mutton":9,"minecraft:rabbit_foot":2,"minecraft:chainmail_chestplate":1,"minecraft:skeleton_skull":2,"minecraft:melon_seeds":4,"minecraft:leather_boots":3,"minecraft:ladder":4,"minecraft:chainmail_boots":1,"minecraft:egg":2,"minecraft:iron_ingot":31,"minecraft:black_dye":5,"minecraft:wheat_seeds":247,"minecraft:golden_helmet":1,"minecraft:iron_helmet":7,"minecraft:cobblestone":46,"minecraft:tropical_fish":1,"minecraft:spruce_stairs":1,"minecraft:chainmail_helmet":2,"immersive_armors:warrior_chestplate":2,"minecraft:stick":2,"minecraft:diorite":11,"minecraft:rose_bush":1,"minecraft:brown_wool":1,"minecraft:cooked_salmon":2,"minecraft:zombie_head":1,"minecraft:iron_leggings":5,"minecraft:heart_of_the_sea":1,"minecraft:smooth_stone":1,"minecraft:chainmail_leggings":2,"minecraft:string":10,"minecraft:stone_brick_slab":1,"minecraft:player_head":3,"minecraft:deepslate":1,"minecraft:iron_boots":6,"minecraft:pumpkin_seeds":4,"minecraft:filled_map":6,"minecraft:cyan_wool":3,"minecraft:shield":1,"undead_revamp2:heavytooth":1,"alexscaves:cooked_radgill":4,"minecraft:bundle":4,"minecraft:spruce_planks":1,"minecraft:iron_chestplate":6,"minecraft:andesite":2,"minecraft:oak_sapling":3,"minecraft:carved_pumpkin":2,"minecraft:brown_carpet":1,"minecraft:bow":4,"minecraft:stone_pickaxe":1,"minecraft:wooden_pickaxe":1,"minecraft:magma_block":2,"minecraft:cooked_rabbit":1,"minecraft:black_wool":1}},"DataVersion":3465}