{"stats":{"minecraft:used":{"minecraft:oak_log":1,"minecraft:oak_planks":7,"minecraft:wooden_pickaxe":35,"minecraft:stone_axe":43,"minecraft:dirt":1,"minecraft:cooked_porkchop":1,"minecraft:furnace":1,"minecraft:porkchop":5,"biomesoplenty:redwood_log":4},"minecraft:killed":{"minecraft:sheep":4,"minecraft:pig":10},"minecraft:picked_up":{"biomesoplenty:redwood_log":14,"minecraft:porkchop":22,"minecraft:oak_log":13,"minecraft:dirt":1,"minecraft:cooked_mutton":6,"minecraft:mutton":6,"minecraft:oak_planks":1,"minecraft:white_wool":4,"minecraft:cobblestone":34},"minecraft:dropped":{"minecraft:wooden_pickaxe":1,"minecraft:white_wool":1},"minecraft:mined":{"minecraft:grass":2,"minecraft:grass_block":1,"minecraft:oak_log":13,"biomesoplenty:redwood_log":14,"minecraft:stone":34,"minecraft:oak_planks":1,"minecraft:oak_leaves":2},"minecraft:custom":{"minecraft:time_since_rest":21418,"minecraft:interact_with_furnace":13,"minecraft:sprint_one_cm":107511,"minecraft:damage_taken":70,"minecraft:walk_one_cm":44417,"minecraft:mob_kills":14,"minecraft:drop":2,"minecraft:damage_dealt":1370,"minecraft:swim_one_cm":10518,"minecraft:interact_with_crafting_table":6,"minecraft:fly_one_cm":54773,"minecraft:crouch_one_cm":150,"minecraft:play_time":21418,"minecraft:sneak_time":100,"minecraft:walk_under_water_one_cm":638,"minecraft:jump":354,"minecraft:leave_game":1,"minecraft:walk_on_water_one_cm":2047,"minecraft:time_since_death":21418,"minecraft:total_world_time":21418,"minecraft:fall_one_cm":11769},"minecraft:crafted":{"minecraft:oak_planks":12,"minecraft:cooked_porkchop":10,"minecraft:stick":8,"biomesoplenty:redwood_planks":8,"minecraft:wooden_pickaxe":1,"minecraft:stone_pickaxe":1,"minecraft:furnace":1,"minecraft:white_bed":1,"minecraft:stone_axe":1,"minecraft:air":48}},"DataVersion":3465}