{"stats":{"minecraft:killed":{"minecraft:vindicator":7,"minecraft:spider":1,"minecraft:skeleton":19,"minecraft:chicken":6,"minecraft:silverfish":4,"minecraft:turtle":1,"minecraft:skeleton_horse":1,"minecraft:cat":1,"minecraft:pig":11,"minecraft:sheep":8,"minecraft:pillager":4,"undead_revamp2:thesomnolence":1,"minecraft:zombie":30,"minecraft:villager":1,"minecraft:cow":25},"minecraft:dropped":{"minecraft:bread":4,"minecraft:iron_sword":4,"minecraft:wheat_seeds":320,"minecraft:oak_log":2,"immersive_armors:divine_helmet":1,"minecraft:glow_berries":6,"minecraft:crafting_table":1,"minecraft:cooked_porkchop":5,"minecraft:iron_helmet":1,"minecraft:feather":6,"minecraft:cobblestone":2,"minecraft:lantern":5,"minecraft:saddle":1,"minecraft:flint":4,"minecraft:stick":5,"tombstone:bag_of_seeds":1,"minecraft:dirt":13,"minecraft:torch":3,"minecraft:seagrass":1,"minecraft:rose_bush":1,"minecraft:coast_armor_trim_smithing_template":1,"tombstone:grave_dust":6,"minecraft:iron_leggings":4,"minecraft:oak_stairs":2,"minecraft:pumpkin_pie":1,"minecraft:iron_pickaxe":3,"undead_revamp2:blacpetalblock":1,"minecraft:chainmail_leggings":2,"minecraft:paper":1,"minecraft:white_wool":3,"minecraft:bone":4,"minecraft:stone_axe":2,"minecraft:compass":2,"minecraft:iron_nugget":7,"minecraft:player_head":6,"minecraft:stone_sword":1,"minecraft:cobbled_deepslate":97,"minecraft:raw_copper":4,"minecraft:smooth_stone_slab":1,"minecraft:beetroot":7,"minecraft:rotten_flesh":31,"minecraft:oak_planks":1,"minecraft:iron_boots":2,"minecraft:cooked_mutton":6,"minecraft:azure_bluet":1,"minecraft:white_bed":1,"minecraft:carrot":4,"minecraft:filled_map":2,"minecraft:shield":3,"alexscaves:cooked_radgill":1,"minecraft:bundle":1,"minecraft:iron_chestplate":4,"minecraft:beetroot_seeds":17,"minecraft:yellow_bed":1,"spelunkers_charm:rock":5,"minecraft:leather_boots":1,"minecraft:oak_sapling":3,"minecraft:ladder":2,"minecraft:stone_bricks":6,"minecraft:arrow":4,"minecraft:magenta_dye":3,"minecraft:stone_pickaxe":3,"minecraft:calcite":3,"minecraft:magma_block":41,"minecraft:stone_brick_stairs":3,"minecraft:cooked_rabbit":2,"biomesoplenty:tall_lavender":2,"minecraft:egg":2},"minecraft:custom":{"minecraft:interact_with_smithing_table":1,"minecraft:mob_kills":123,"minecraft:interact_with_crafting_table":61,"minecraft:open_barrel":48,"minecraft:eat_cake_slice":2,"minecraft:leave_game":5,"minecraft:time_since_death":18480,"minecraft:climb_one_cm":3360,"minecraft:sprint_one_cm":1068043,"minecraft:walk_one_cm":677411,"minecraft:damage_blocked_by_shield":2925,"minecraft:drop":129,"minecraft:talked_to_villager":4,"minecraft:play_time":331647,"minecraft:sneak_time":4674,"minecraft:deaths":7,"minecraft:walk_under_water_one_cm":59754,"minecraft:jump":3348,"minecraft:interact_with_blast_furnace":18,"minecraft:walk_on_water_one_cm":71041,"minecraft:total_world_time":331647,"minecraft:interact_with_furnace":142,"tombstone:raider_killed":11,"minecraft:sleep_in_bed":17,"minecraft:time_since_rest":16025,"minecraft:damage_taken":5268,"minecraft:damage_dealt":19304,"minecraft:swim_one_cm":187367,"minecraft:fly_one_cm":551827,"minecraft:open_chest":120,"minecraft:crouch_one_cm":11836,"tombstone:undead_killed":50,"tombstone:villager_killed":1,"minecraft:interact_with_smoker":1,"minecraft:fall_one_cm":62655},"minecraft:crafted":{"minecraft:smooth_stone":5,"minecraft:oak_planks":34,"minecraft:coal":9,"minecraft:iron_nugget":1,"comforts:sleeping_bag_white":1,"minecraft:cooked_chicken":8,"minecraft:furnace":3,"minecraft:blast_furnace":1,"minecraft:stone":3,"minecraft:candle":2,"minecraft:cooked_mutton":18,"minecraft:iron_boots":1,"minecraft:iron_axe":1,"minecraft:stone_pickaxe":1,"minecraft:magenta_dye":3,"ironbows:emerald_bow":1,"minecraft:cooked_beef":51,"sophisticatedbackpacks:backpack":1,"minecraft:cooked_porkchop":2,"minecraft:crafting_table":5,"minecraft:wooden_pickaxe":1,"minecraft:baked_potato":32,"minecraft:iron_sword":2,"minecraft:stone_axe":1,"minecraft:bread":61,"minecraft:air":405,"minecraft:diamond_pickaxe":1,"minecraft:shield":2,"minecraft:stick":28,"minecraft:iron_ingot":33,"minecraft:stone_sword":1,"minecraft:gold_ingot":14,"minecraft:white_bed":1,"minecraft:torch":24},"minecraft:killed_by":{"undead_revamp2:the_moonflower":1,"minecraft:pillager":1,"minecraft:vindicator":2,"minecraft:skeleton":3},"minecraft:picked_up":{"minecraft:iron_chestplate":5,"minecraft:seagrass":1,"minecraft:crafting_table":9,"minecraft:wheat":278,"minecraft:allium":1,"minecraft:azure_bluet":1,"minecraft:chicken":8,"minecraft:ladder":2,"minecraft:anvil":1,"minecraft:oak_stairs":2,"minecraft:cooked_rabbit":2,"minecraft:enchanted_book":1,"minecraft:stone_brick_stairs":3,"minecraft:smooth_stone_slab":1,"minecraft:brewing_stand":1,"minecraft:shield":1,"minecraft:string":18,"minecraft:cooked_salmon":4,"minecraft:raw_copper":4,"minecraft:iron_leggings":3,"minecraft:item_frame":1,"biomesoplenty:tall_lavender":2,"minecraft:compass":2,"minecraft:experience_bottle":2,"minecraft:beetroot":7,"minecraft:smooth_stone":1,"minecraft:cobbled_deepslate":102,"comforts:sleeping_bag_white":5,"minecraft:beef":53,"minecraft:rose_bush":1,"minecraft:player_head":6,"minecraft:calcite":3,"minecraft:iron_pickaxe":4,"minecraft:light_gray_wool":1,"minecraft:melon_slice":44,"minecraft:coal_block":9,"minecraft:chest":1,"minecraft:furnace":3,"minecraft:iron_boots":2,"minecraft:egg":2,"minecraft:raw_iron":27,"minecraft:stick":5,"minecraft:stone":1,"minecraft:torch":26,"minecraft:porkchop":24,"tombstone:grave_dust":6,"minecraft:carrot":65,"alexscaves:tripodfish":1,"minecraft:arrow":5,"minecraft:rotten_flesh":31,"minecraft:cooked_cod":4,"minecraft:beetroot_seeds":17,"minecraft:pumpkin_pie":2,"minecraft:hay_block":41,"minecraft:carved_pumpkin":2,"minecraft:saddle":1,"minecraft:gold_ingot":7,"minecraft:glow_berries":6,"minecraft:mutton":12,"minecraft:cod":3,"minecraft:white_wool":9,"minecraft:cobblestone":42,"minecraft:magma_block":41,"minecraft:feather":12,"minecraft:lilac":1,"minecraft:salmon":1,"minecraft:leather":34,"minecraft:potato":32,"minecraft:filled_map":2,"minecraft:oak_log":36,"minecraft:yellow_bed":6,"alexscaves:lanternfish":1,"tombstone:gift":1,"minecraft:dirt":72,"minecraft:paper":1,"minecraft:lantern":5,"minecraft:leather_boots":1,"minecraft:coast_armor_trim_smithing_template":1,"minecraft:bone":4,"minecraft:stone_bricks":9,"undead_revamp2:blacpetalblock":2,"minecraft:bow":1,"minecraft:wheat_seeds":318,"minecraft:raw_gold":12,"minecraft:heart_of_the_sea":1,"minecraft:iron_ingot":5,"minecraft:stone_pickaxe":2,"minecraft:cooked_chicken":3,"tombstone:bag_of_seeds":1,"minecraft:honeycomb":5,"minecraft:oak_planks":10,"minecraft:iron_sword":4,"biomesoplenty:toadstool":3,"minecraft:oak_slab":4,"minecraft:cooked_porkchop":5,"minecraft:sand":13,"minecraft:blast_furnace":1,"minecraft:white_bed":2,"minecraft:bundle":1,"alexscaves:cooked_radgill":4,"minecraft:diamond":13,"minecraft:stone_axe":1,"minecraft:chainmail_leggings":1,"minecraft:iron_helmet":1,"minecraft:emerald":5,"minecraft:bread":5,"alexscaves:cooked_lanternfish":1,"immersive_armors:divine_helmet":1,"minecraft:oak_sapling":3,"spelunkers_charm:rock":5,"minecraft:coal":42,"minecraft:sunflower":3},"minecraft:mined":{"minecraft:white_bed":3,"minecraft:deepslate_diamond_ore":13,"minecraft:brewing_stand":1,"minecraft:allium":1,"minecraft:glow_lichen":1,"biomesoplenty:bush":13,"minecraft:stone_brick_wall":4,"minecraft:grass_block":38,"minecraft:white_stained_glass":1,"minecraft:coal_block":9,"minecraft:spawner":4,"spelunkers_charm:deepslate_geyser_lava":2,"minecraft:hay_block":42,"minecraft:magma_block":111,"biomesoplenty:tall_lavender":2,"minecraft:oak_trapdoor":1,"minecraft:furnace":3,"minecraft:carrots":24,"biomesoplenty:toadstool":3,"minecraft:iron_ore":25,"minecraft:fire":32,"minecraft:cobbled_deepslate":9,"minecraft:black_carpet":1,"spelunkers_charm:deepslate_rock_pile_2":1,"minecraft:anvil":1,"minecraft:azure_bluet":1,"minecraft:potatoes":11,"minecraft:deepslate_iron_ore":2,"minecraft:dirt_path":22,"minecraft:oak_stairs":4,"minecraft:lantern":1,"minecraft:stone":43,"minecraft:oak_slab":10,"minecraft:glass_pane":1,"minecraft:blackstone":12,"minecraft:torch":10,"minecraft:crafting_table":9,"minecraft:blast_furnace":1,"minecraft:melon":9,"minecraft:calcite":3,"minecraft:chest":6,"spelunkers_charm:rock_pile_2":1,"minecraft:copper_ore":1,"minecraft:tall_grass":1,"spelunkers_charm:deepslate_geyser":1,"minecraft:cobblestone":2,"minecraft:deepslate_gold_ore":12,"minecraft:oak_planks":14,"minecraft:wall_torch":10,"minecraft:black_stained_glass":3,"spelunkers_charm:rock_pile_3":1,"minecraft:wheat":304,"minecraft:lilac":1,"minecraft:yellow_bed":5,"minecraft:stone_brick_stairs":4,"minecraft:smooth_stone_slab":3,"minecraft:grass":18,"minecraft:coal_ore":43,"minecraft:oak_log":41,"minecraft:beetroots":7,"minecraft:gravel":12,"minecraft:sand":16,"minecraft:dirt":19,"minecraft:cobweb":14,"minecraft:smooth_basalt":1,"minecraft:cracked_stone_bricks":2,"minecraft:stone_bricks":18,"minecraft:oak_leaves":38,"minecraft:deepslate":77,"biomesoplenty:reed":3,"minecraft:fern":3},"minecraft:broken":{"minecraft:iron_sword":1,"minecraft:iron_pickaxe":1},"minecraft:used":{"minecraft:stone_sword":133,"minecraft:flint_and_steel":3,"minecraft:carved_pumpkin":2,"alexscaves:cooked_lanternfish":1,"minecraft:shield":40,"minecraft:iron_sword":370,"minecraft:cooked_salmon":3,"minecraft:cooked_chicken":2,"minecraft:torch":77,"alexscaves:cooked_tripodfish":1,"minecraft:dirt":61,"minecraft:iron_axe":26,"minecraft:stone_bricks":3,"minecraft:item_frame":1,"minecraft:furnace":4,"tombstone:gift":4,"comforts:sleeping_bag_white":5,"minecraft:cooked_beef":1,"minecraft:cobbled_deepslate":5,"minecraft:cooked_mutton":6,"minecraft:oak_planks":15,"minecraft:stone_pickaxe":17,"minecraft:wooden_pickaxe":4,"minecraft:glow_berries":1,"minecraft:sand":13,"minecraft:oak_slab":2,"minecraft:blast_furnace":1,"minecraft:crafting_table":12,"minecraft:white_bed":2,"minecraft:cod":1,"alexscaves:cooked_radgill":1,"minecraft:diamond_pickaxe":10,"minecraft:bread":68,"minecraft:iron_pickaxe":426,"biomesoplenty:toadstool":2,"minecraft:stone_axe":117,"minecraft:cobblestone":3,"minecraft:cooked_porkchop":2,"minecraft:pumpkin_pie":1,"minecraft:yellow_bed":5,"minecraft:cobweb":13,"minecraft:experience_bottle":2}},"DataVersion":3465}