{"stats":{"minecraft:killed_by":{"undead_revamp2:the_moonflower":1,"minecraft:skeleton":3},"minecraft:used":{"minecraft:stone_sword":133,"minecraft:flint_and_steel":2,"minecraft:shield":13,"minecraft:cooked_chicken":2,"minecraft:torch":1,"minecraft:dirt":22,"minecraft:stone_bricks":3,"minecraft:item_frame":1,"minecraft:furnace":1,"tombstone:gift":2,"minecraft:cooked_mutton":6,"minecraft:stone_pickaxe":17,"minecraft:oak_planks":3,"minecraft:wooden_pickaxe":4,"minecraft:sand":11,"minecraft:crafting_table":6,"minecraft:white_bed":2,"minecraft:bread":4,"minecraft:iron_pickaxe":36,"minecraft:stone_axe":84,"minecraft:experience_bottle":2,"minecraft:cobweb":6},"minecraft:killed":{"minecraft:skeleton":4,"minecraft:chicken":2,"minecraft:silverfish":4,"minecraft:pig":5,"minecraft:sheep":6,"minecraft:villager":1,"minecraft:cow":10},"minecraft:picked_up":{"minecraft:crafting_table":4,"minecraft:iron_chestplate":5,"minecraft:wheat":127,"minecraft:chicken":2,"minecraft:anvil":1,"minecraft:brewing_stand":1,"minecraft:string":9,"minecraft:compass":2,"biomesoplenty:tall_lavender":2,"minecraft:iron_leggings":3,"minecraft:item_frame":1,"minecraft:experience_bottle":2,"minecraft:beef":21,"minecraft:rose_bush":1,"minecraft:player_head":6,"minecraft:iron_pickaxe":1,"minecraft:light_gray_wool":1,"minecraft:melon_slice":44,"minecraft:coal_block":9,"minecraft:chest":1,"minecraft:furnace":1,"minecraft:iron_boots":1,"minecraft:egg":1,"minecraft:stick":5,"minecraft:porkchop":11,"minecraft:arrow":1,"minecraft:pumpkin_pie":2,"minecraft:hay_block":35,"minecraft:carved_pumpkin":2,"minecraft:saddle":1,"minecraft:gold_ingot":6,"minecraft:mutton":9,"minecraft:white_wool":6,"minecraft:cobblestone":16,"minecraft:feather":8,"minecraft:leather":11,"minecraft:oak_log":21,"minecraft:dirt":46,"minecraft:paper":1,"minecraft:lantern":1,"minecraft:leather_boots":1,"minecraft:bone":2,"minecraft:stone_bricks":3,"minecraft:wheat_seeds":27,"minecraft:iron_ingot":2,"minecraft:stone_pickaxe":2,"minecraft:oak_planks":1,"minecraft:cooked_porkchop":5,"minecraft:sand":11,"minecraft:white_bed":1,"alexscaves:cooked_radgill":1,"minecraft:chainmail_leggings":1,"minecraft:emerald":3,"minecraft:oak_sapling":1,"immersive_armors:divine_helmet":1,"minecraft:coal":1},"minecraft:dropped":{"minecraft:wheat_seeds":27,"minecraft:oak_log":2,"immersive_armors:divine_helmet":1,"minecraft:crafting_table":1,"minecraft:cooked_porkchop":5,"minecraft:feather":4,"minecraft:lantern":1,"minecraft:stick":5,"minecraft:dirt":2,"minecraft:iron_leggings":1,"minecraft:pumpkin_pie":1,"minecraft:chainmail_leggings":2,"minecraft:paper":1,"minecraft:white_wool":3,"minecraft:compass":2,"minecraft:player_head":5,"minecraft:cooked_mutton":6,"alexscaves:cooked_radgill":1,"minecraft:iron_chestplate":2,"minecraft:leather_boots":1,"minecraft:oak_sapling":1,"minecraft:stone_pickaxe":3,"biomesoplenty:tall_lavender":2,"minecraft:egg":1},"minecraft:mined":{"minecraft:white_bed":2,"minecraft:brewing_stand":1,"minecraft:grass_block":12,"minecraft:stone_brick_wall":4,"minecraft:white_stained_glass":1,"minecraft:coal_block":9,"minecraft:hay_block":36,"biomesoplenty:tall_lavender":2,"minecraft:furnace":1,"minecraft:fire":4,"minecraft:black_carpet":1,"minecraft:anvil":1,"minecraft:dirt_path":22,"minecraft:oak_stairs":2,"minecraft:lantern":1,"minecraft:stone":16,"minecraft:glass_pane":1,"minecraft:crafting_table":4,"minecraft:melon":9,"minecraft:chest":1,"minecraft:oak_planks":3,"minecraft:wall_torch":1,"minecraft:black_stained_glass":3,"minecraft:wheat":128,"minecraft:stone_brick_stairs":1,"minecraft:grass":8,"minecraft:coal_ore":1,"minecraft:oak_log":26,"minecraft:sand":10,"minecraft:dirt":13,"minecraft:cobweb":7,"minecraft:stone_bricks":13,"minecraft:oak_leaves":2},"minecraft:custom":{"minecraft:interact_with_smithing_table":1,"minecraft:mob_kills":32,"minecraft:interact_with_crafting_table":17,"minecraft:open_barrel":24,"minecraft:eat_cake_slice":2,"minecraft:leave_game":2,"minecraft:time_since_death":9394,"minecraft:climb_one_cm":2686,"minecraft:sprint_one_cm":386157,"minecraft:walk_one_cm":317519,"minecraft:damage_blocked_by_shield":1020,"minecraft:drop":34,"minecraft:talked_to_villager":4,"minecraft:play_time":133835,"minecraft:deaths":4,"minecraft:sneak_time":1000,"minecraft:walk_under_water_one_cm":12840,"minecraft:jump":952,"minecraft:interact_with_blast_furnace":2,"minecraft:walk_on_water_one_cm":16534,"minecraft:total_world_time":133835,"minecraft:interact_with_furnace":37,"minecraft:sleep_in_bed":4,"minecraft:time_since_rest":8921,"minecraft:damage_taken":1600,"minecraft:damage_dealt":4428,"minecraft:swim_one_cm":16544,"minecraft:fly_one_cm":160889,"minecraft:open_chest":29,"minecraft:crouch_one_cm":2122,"tombstone:undead_killed":4,"tombstone:villager_killed":1,"minecraft:fall_one_cm":9031},"minecraft:crafted":{"minecraft:oak_planks":19,"minecraft:cooked_chicken":2,"minecraft:furnace":1,"minecraft:cooked_mutton":12,"minecraft:stone_pickaxe":1,"minecraft:cooked_beef":19,"sophisticatedbackpacks:backpack":1,"minecraft:crafting_table":3,"minecraft:wooden_pickaxe":1,"minecraft:stone_axe":1,"minecraft:bread":13,"minecraft:air":124,"minecraft:shield":1,"minecraft:stick":3,"minecraft:stone_sword":1,"minecraft:white_bed":1,"minecraft:torch":5}},"DataVersion":3465}