{"stats":{"minecraft:killed":{"minecraft:skeleton":10,"minecraft:chicken":6,"minecraft:silverfish":4,"minecraft:turtle":1,"minecraft:skeleton_horse":1,"minecraft:cat":1,"minecraft:pig":11,"minecraft:sheep":8,"undead_revamp2:thesomnolence":1,"minecraft:villager":1,"minecraft:cow":25},"minecraft:dropped":{"minecraft:bread":4,"minecraft:iron_sword":1,"minecraft:wheat_seeds":320,"minecraft:oak_log":2,"immersive_armors:divine_helmet":1,"minecraft:crafting_table":1,"minecraft:cooked_porkchop":5,"minecraft:cobblestone":2,"minecraft:iron_helmet":1,"minecraft:feather":6,"minecraft:lantern":5,"minecraft:flint":4,"minecraft:stick":5,"minecraft:dirt":3,"minecraft:torch":2,"minecraft:seagrass":1,"minecraft:rose_bush":1,"minecraft:coast_armor_trim_smithing_template":1,"tombstone:grave_dust":1,"minecraft:iron_leggings":4,"minecraft:pumpkin_pie":1,"minecraft:iron_pickaxe":2,"minecraft:chainmail_leggings":2,"minecraft:paper":1,"minecraft:white_wool":3,"minecraft:bone":4,"minecraft:stone_axe":1,"minecraft:compass":2,"minecraft:player_head":6,"minecraft:cobbled_deepslate":10,"minecraft:stone_sword":1,"minecraft:raw_copper":4,"minecraft:beetroot":7,"minecraft:rotten_flesh":1,"minecraft:oak_planks":1,"minecraft:cooked_mutton":6,"minecraft:azure_bluet":1,"minecraft:white_bed":1,"minecraft:filled_map":2,"minecraft:shield":1,"alexscaves:cooked_radgill":1,"minecraft:bundle":1,"minecraft:iron_chestplate":4,"minecraft:beetroot_seeds":17,"minecraft:yellow_bed":1,"spelunkers_charm:rock":5,"minecraft:leather_boots":1,"minecraft:oak_sapling":3,"minecraft:ladder":1,"minecraft:stone_bricks":6,"minecraft:arrow":4,"minecraft:magenta_dye":3,"minecraft:stone_pickaxe":3,"minecraft:stone_brick_stairs":3,"biomesoplenty:tall_lavender":2,"minecraft:egg":2},"minecraft:custom":{"minecraft:interact_with_smithing_table":1,"minecraft:mob_kills":69,"minecraft:interact_with_crafting_table":31,"minecraft:open_barrel":33,"minecraft:eat_cake_slice":2,"minecraft:leave_game":4,"minecraft:time_since_death":117621,"minecraft:climb_one_cm":2932,"minecraft:sprint_one_cm":778809,"minecraft:walk_one_cm":523371,"minecraft:damage_blocked_by_shield":1545,"minecraft:drop":92,"minecraft:talked_to_villager":4,"minecraft:play_time":242062,"minecraft:deaths":4,"minecraft:sneak_time":2460,"minecraft:walk_under_water_one_cm":27942,"minecraft:jump":2356,"minecraft:interact_with_blast_furnace":2,"minecraft:walk_on_water_one_cm":33455,"minecraft:total_world_time":242062,"minecraft:interact_with_furnace":92,"minecraft:sleep_in_bed":14,"minecraft:time_since_rest":15499,"minecraft:damage_taken":2619,"minecraft:damage_dealt":8684,"minecraft:swim_one_cm":82786,"minecraft:fly_one_cm":425075,"minecraft:open_chest":68,"minecraft:crouch_one_cm":5580,"tombstone:undead_killed":11,"tombstone:villager_killed":1,"minecraft:interact_with_smoker":1,"minecraft:fall_one_cm":41806},"minecraft:crafted":{"minecraft:smooth_stone":2,"minecraft:oak_planks":34,"minecraft:coal":2,"comforts:sleeping_bag_white":1,"minecraft:cooked_chicken":8,"minecraft:furnace":2,"minecraft:cooked_mutton":15,"minecraft:stone_pickaxe":1,"minecraft:magenta_dye":3,"minecraft:cooked_beef":51,"sophisticatedbackpacks:backpack":1,"minecraft:cooked_porkchop":2,"minecraft:crafting_table":4,"minecraft:wooden_pickaxe":1,"minecraft:baked_potato":32,"minecraft:iron_sword":1,"minecraft:stone_axe":1,"minecraft:bread":55,"minecraft:air":325,"minecraft:shield":1,"minecraft:stick":28,"minecraft:iron_ingot":1,"minecraft:stone_sword":1,"minecraft:white_bed":1,"minecraft:torch":24},"minecraft:killed_by":{"undead_revamp2:the_moonflower":1,"minecraft:skeleton":3},"minecraft:picked_up":{"minecraft:crafting_table":7,"minecraft:seagrass":1,"minecraft:iron_chestplate":5,"minecraft:allium":1,"minecraft:wheat":278,"minecraft:azure_bluet":1,"minecraft:chicken":8,"minecraft:ladder":1,"minecraft:anvil":1,"minecraft:stone_brick_stairs":3,"minecraft:brewing_stand":1,"minecraft:shield":1,"minecraft:raw_copper":4,"minecraft:string":11,"minecraft:cooked_salmon":3,"minecraft:iron_leggings":3,"minecraft:item_frame":1,"biomesoplenty:tall_lavender":2,"minecraft:compass":2,"minecraft:experience_bottle":2,"minecraft:beetroot":7,"minecraft:cobbled_deepslate":65,"minecraft:smooth_stone":1,"comforts:sleeping_bag_white":2,"minecraft:beef":53,"minecraft:rose_bush":1,"minecraft:player_head":6,"minecraft:iron_pickaxe":4,"minecraft:light_gray_wool":1,"minecraft:melon_slice":44,"minecraft:coal_block":9,"minecraft:chest":1,"minecraft:furnace":2,"minecraft:egg":2,"minecraft:iron_boots":1,"minecraft:raw_iron":16,"minecraft:stick":5,"minecraft:stone":1,"minecraft:torch":3,"minecraft:porkchop":24,"tombstone:grave_dust":1,"minecraft:carrot":65,"minecraft:arrow":5,"minecraft:rotten_flesh":1,"minecraft:cooked_cod":4,"minecraft:beetroot_seeds":17,"minecraft:pumpkin_pie":2,"minecraft:hay_block":41,"minecraft:carved_pumpkin":2,"minecraft:saddle":1,"minecraft:gold_ingot":6,"minecraft:mutton":12,"minecraft:white_wool":9,"minecraft:cobblestone":38,"minecraft:feather":12,"minecraft:lilac":1,"minecraft:leather":34,"minecraft:potato":32,"minecraft:filled_map":2,"minecraft:oak_log":36,"minecraft:yellow_bed":6,"minecraft:dirt":72,"minecraft:paper":1,"minecraft:lantern":5,"minecraft:leather_boots":1,"minecraft:coast_armor_trim_smithing_template":1,"minecraft:bone":4,"minecraft:stone_bricks":9,"minecraft:wheat_seeds":318,"minecraft:raw_gold":4,"minecraft:heart_of_the_sea":1,"minecraft:iron_ingot":5,"minecraft:stone_pickaxe":2,"minecraft:iron_sword":2,"minecraft:oak_planks":1,"biomesoplenty:toadstool":3,"minecraft:cooked_porkchop":5,"minecraft:sand":13,"minecraft:white_bed":2,"minecraft:bundle":1,"alexscaves:cooked_radgill":1,"minecraft:diamond":1,"minecraft:stone_axe":1,"minecraft:chainmail_leggings":1,"minecraft:bread":4,"minecraft:emerald":3,"immersive_armors:divine_helmet":1,"minecraft:oak_sapling":3,"spelunkers_charm:rock":5,"minecraft:coal":41,"minecraft:sunflower":3},"minecraft:mined":{"minecraft:white_bed":3,"minecraft:deepslate_diamond_ore":1,"minecraft:brewing_stand":1,"minecraft:glow_lichen":1,"minecraft:allium":1,"biomesoplenty:bush":13,"minecraft:grass_block":37,"minecraft:stone_brick_wall":4,"minecraft:white_stained_glass":1,"minecraft:coal_block":9,"minecraft:spawner":1,"minecraft:hay_block":42,"biomesoplenty:tall_lavender":2,"minecraft:oak_trapdoor":1,"minecraft:furnace":2,"minecraft:carrots":24,"biomesoplenty:toadstool":3,"minecraft:iron_ore":16,"minecraft:fire":14,"minecraft:black_carpet":1,"minecraft:anvil":1,"minecraft:azure_bluet":1,"minecraft:potatoes":11,"minecraft:dirt_path":22,"minecraft:oak_stairs":2,"minecraft:lantern":1,"minecraft:stone":41,"minecraft:glass_pane":1,"minecraft:crafting_table":7,"minecraft:melon":9,"minecraft:chest":5,"spelunkers_charm:rock_pile_2":1,"minecraft:copper_ore":1,"minecraft:cobblestone":2,"minecraft:tall_grass":1,"minecraft:deepslate_gold_ore":4,"minecraft:oak_planks":3,"minecraft:wall_torch":2,"minecraft:black_stained_glass":3,"spelunkers_charm:rock_pile_3":1,"minecraft:wheat":304,"minecraft:lilac":1,"minecraft:yellow_bed":5,"minecraft:stone_brick_stairs":4,"minecraft:grass":18,"minecraft:oak_log":41,"minecraft:coal_ore":43,"minecraft:beetroots":7,"minecraft:sand":16,"minecraft:dirt":19,"minecraft:cobweb":7,"minecraft:cracked_stone_bricks":2,"minecraft:stone_bricks":18,"minecraft:deepslate":54,"minecraft:oak_leaves":34,"biomesoplenty:reed":3,"minecraft:fern":3},"minecraft:used":{"minecraft:stone_sword":133,"minecraft:flint_and_steel":3,"minecraft:carved_pumpkin":2,"minecraft:shield":21,"minecraft:iron_sword":139,"minecraft:cooked_chicken":2,"minecraft:torch":11,"minecraft:dirt":59,"minecraft:stone_bricks":3,"minecraft:item_frame":1,"minecraft:furnace":3,"comforts:sleeping_bag_white":2,"tombstone:gift":2,"minecraft:cobbled_deepslate":1,"minecraft:cooked_mutton":6,"minecraft:stone_pickaxe":17,"minecraft:oak_planks":3,"minecraft:wooden_pickaxe":4,"minecraft:sand":13,"minecraft:crafting_table":10,"minecraft:white_bed":2,"minecraft:cod":1,"minecraft:bread":37,"minecraft:iron_pickaxe":222,"biomesoplenty:toadstool":2,"minecraft:stone_axe":115,"minecraft:cobblestone":2,"minecraft:cooked_porkchop":1,"minecraft:yellow_bed":5,"minecraft:cobweb":6,"minecraft:experience_bottle":2}},"DataVersion":3465}