{"stats":{"minecraft:killed_by":{"undead_revamp2:the_moonflower":1,"minecraft:skeleton":3},"minecraft:used":{"minecraft:stone_sword":133,"minecraft:flint_and_steel":3,"minecraft:carved_pumpkin":2,"minecraft:shield":15,"minecraft:iron_sword":31,"minecraft:cooked_chicken":2,"minecraft:torch":1,"minecraft:dirt":46,"minecraft:stone_bricks":3,"minecraft:item_frame":1,"minecraft:furnace":1,"tombstone:gift":2,"minecraft:cooked_mutton":6,"minecraft:stone_pickaxe":17,"minecraft:oak_planks":3,"minecraft:wooden_pickaxe":4,"minecraft:sand":11,"minecraft:crafting_table":8,"minecraft:white_bed":2,"minecraft:bread":11,"minecraft:iron_pickaxe":37,"minecraft:stone_axe":93,"minecraft:yellow_bed":1,"minecraft:experience_bottle":2,"minecraft:cobweb":6},"minecraft:killed":{"minecraft:skeleton":6,"minecraft:chicken":2,"minecraft:silverfish":4,"minecraft:skeleton_horse":1,"minecraft:pig":5,"minecraft:sheep":6,"minecraft:villager":1,"minecraft:cow":10},"minecraft:picked_up":{"minecraft:crafting_table":6,"minecraft:iron_chestplate":5,"minecraft:wheat":132,"minecraft:ladder":1,"minecraft:chicken":2,"minecraft:anvil":1,"minecraft:brewing_stand":1,"minecraft:string":9,"minecraft:compass":2,"biomesoplenty:tall_lavender":2,"minecraft:iron_leggings":3,"minecraft:item_frame":1,"minecraft:experience_bottle":2,"minecraft:beef":21,"minecraft:rose_bush":1,"minecraft:player_head":6,"minecraft:iron_pickaxe":1,"minecraft:light_gray_wool":1,"minecraft:melon_slice":44,"minecraft:coal_block":9,"minecraft:chest":1,"minecraft:furnace":1,"minecraft:iron_boots":1,"minecraft:egg":1,"minecraft:stick":5,"minecraft:stone":1,"minecraft:porkchop":11,"tombstone:grave_dust":1,"minecraft:arrow":5,"minecraft:rotten_flesh":1,"minecraft:pumpkin_pie":2,"minecraft:hay_block":35,"minecraft:carved_pumpkin":2,"minecraft:saddle":1,"minecraft:gold_ingot":6,"minecraft:mutton":9,"minecraft:white_wool":6,"minecraft:cobblestone":16,"minecraft:feather":8,"minecraft:leather":11,"minecraft:oak_log":21,"minecraft:yellow_bed":2,"minecraft:dirt":46,"minecraft:paper":1,"minecraft:lantern":1,"minecraft:leather_boots":1,"minecraft:bone":4,"minecraft:stone_bricks":3,"minecraft:wheat_seeds":59,"minecraft:iron_ingot":5,"minecraft:stone_pickaxe":2,"minecraft:oak_planks":1,"minecraft:cooked_porkchop":5,"minecraft:sand":11,"minecraft:white_bed":1,"alexscaves:cooked_radgill":1,"minecraft:stone_axe":1,"minecraft:chainmail_leggings":1,"minecraft:emerald":3,"minecraft:oak_sapling":1,"immersive_armors:divine_helmet":1,"minecraft:coal":1},"minecraft:dropped":{"minecraft:wheat_seeds":27,"minecraft:oak_log":2,"immersive_armors:divine_helmet":1,"minecraft:crafting_table":1,"minecraft:cooked_porkchop":5,"minecraft:feather":4,"minecraft:lantern":1,"minecraft:stick":5,"minecraft:dirt":2,"minecraft:iron_leggings":2,"minecraft:pumpkin_pie":1,"minecraft:chainmail_leggings":2,"minecraft:paper":1,"minecraft:white_wool":3,"minecraft:bone":2,"minecraft:stone_axe":1,"minecraft:compass":2,"minecraft:player_head":6,"minecraft:stone_sword":1,"minecraft:rotten_flesh":1,"minecraft:cooked_mutton":6,"alexscaves:cooked_radgill":1,"minecraft:iron_chestplate":2,"minecraft:leather_boots":1,"minecraft:ladder":1,"minecraft:oak_sapling":1,"minecraft:stone_pickaxe":3,"biomesoplenty:tall_lavender":2,"minecraft:egg":1},"minecraft:mined":{"minecraft:white_bed":2,"minecraft:brewing_stand":1,"minecraft:grass_block":12,"minecraft:stone_brick_wall":4,"minecraft:white_stained_glass":1,"minecraft:coal_block":9,"minecraft:spawner":1,"minecraft:hay_block":36,"biomesoplenty:tall_lavender":2,"minecraft:oak_trapdoor":1,"minecraft:furnace":1,"minecraft:fire":14,"minecraft:black_carpet":1,"minecraft:anvil":1,"minecraft:dirt_path":22,"minecraft:oak_stairs":2,"minecraft:lantern":1,"minecraft:stone":16,"minecraft:glass_pane":1,"minecraft:crafting_table":6,"minecraft:melon":9,"minecraft:chest":5,"minecraft:oak_planks":3,"minecraft:wall_torch":1,"minecraft:black_stained_glass":3,"minecraft:wheat":153,"minecraft:yellow_bed":2,"minecraft:stone_brick_stairs":1,"minecraft:grass":9,"minecraft:coal_ore":1,"minecraft:oak_log":26,"minecraft:sand":10,"minecraft:dirt":14,"minecraft:cobweb":7,"minecraft:stone_bricks":13,"minecraft:oak_leaves":2},"minecraft:custom":{"minecraft:interact_with_smithing_table":1,"minecraft:mob_kills":35,"minecraft:interact_with_crafting_table":19,"minecraft:open_barrel":33,"minecraft:eat_cake_slice":2,"minecraft:leave_game":2,"minecraft:time_since_death":21394,"minecraft:climb_one_cm":2686,"minecraft:sprint_one_cm":441278,"minecraft:walk_one_cm":336863,"minecraft:damage_blocked_by_shield":1185,"minecraft:drop":41,"minecraft:talked_to_villager":4,"minecraft:play_time":145835,"minecraft:deaths":4,"minecraft:sneak_time":1442,"minecraft:walk_under_water_one_cm":14630,"minecraft:jump":1043,"minecraft:interact_with_blast_furnace":2,"minecraft:walk_on_water_one_cm":17956,"minecraft:total_world_time":145835,"minecraft:interact_with_furnace":38,"minecraft:sleep_in_bed":6,"minecraft:time_since_rest":3023,"minecraft:damage_taken":1840,"minecraft:damage_dealt":4591,"minecraft:swim_one_cm":20483,"minecraft:fly_one_cm":174868,"minecraft:open_chest":38,"minecraft:crouch_one_cm":3902,"tombstone:undead_killed":7,"tombstone:villager_killed":1,"minecraft:fall_one_cm":11386},"minecraft:crafted":{"minecraft:oak_planks":19,"minecraft:cooked_chicken":2,"minecraft:furnace":1,"minecraft:cooked_mutton":12,"minecraft:stone_pickaxe":1,"minecraft:cooked_beef":19,"sophisticatedbackpacks:backpack":1,"minecraft:crafting_table":4,"minecraft:wooden_pickaxe":1,"minecraft:iron_sword":1,"minecraft:stone_axe":1,"minecraft:bread":13,"minecraft:air":124,"minecraft:shield":1,"minecraft:stick":7,"minecraft:stone_sword":1,"minecraft:white_bed":1,"minecraft:torch":5}},"DataVersion":3465}