{"stats":{"minecraft:killed_by":{"undead_revamp2:the_moonflower":1},"minecraft:used":{"minecraft:sand":10,"minecraft:crafting_table":2,"tombstone:gift":1,"minecraft:wooden_pickaxe":4},"minecraft:picked_up":{"minecraft:crafting_table":1,"minecraft:sand":10,"minecraft:oak_log":6,"minecraft:dirt":14,"minecraft:cobblestone":4},"minecraft:mined":{"minecraft:grass_block":5,"minecraft:oak_log":6,"minecraft:dirt":9,"minecraft:sand":10,"minecraft:stone":4,"minecraft:crafting_table":1},"minecraft:custom":{"minecraft:time_since_rest":19667,"minecraft:crouch_one_cm":25,"minecraft:walk_one_cm":24474,"minecraft:sprint_one_cm":29891,"minecraft:play_time":31835,"minecraft:damage_taken":250,"minecraft:deaths":1,"minecraft:sneak_time":15,"minecraft:walk_under_water_one_cm":170,"minecraft:jump":135,"minecraft:leave_game":2,"minecraft:time_since_death":20102,"minecraft:walk_on_water_one_cm":1855,"minecraft:total_world_time":31835,"minecraft:swim_one_cm":3314,"minecraft:fall_one_cm":3288,"minecraft:interact_with_crafting_table":2,"minecraft:fly_one_cm":27268},"minecraft:crafted":{"minecraft:oak_planks":6,"minecraft:crafting_table":1,"minecraft:stick":1,"minecraft:stone_pickaxe":1,"minecraft:wooden_pickaxe":1,"minecraft:air":31}},"DataVersion":3465}