{"stats":{"minecraft:crafted":{"minecraft:smooth_stone":5,"minecraft:oak_planks":34,"minecraft:cooked_chicken":12,"sophisticatedbackpacks:magnet_upgrade":1,"minecraft:stone":3,"minecraft:diamond_shovel":1,"minecraft:cooked_mutton":22,"minecraft:iron_boots":1,"minecraft:chest":1,"minecraft:magenta_dye":3,"ironbows:emerald_bow":1,"sophisticatedbackpacks:backpack":2,"minecraft:cooked_porkchop":17,"minecraft:crafting_table":10,"minecraft:wooden_pickaxe":1,"spelunkers_charm:candle_helmet":2,"minecraft:baked_potato":42,"minecraft:sticky_piston":2,"sophisticatedbackpacks:feeding_upgrade":1,"sophisticatedbackpacks:upgrade_base":2,"minecraft:iron_chestplate":2,"minecraft:diamond_pickaxe":1,"minecraft:shield":4,"minecraft:stick":32,"minecraft:light_blue_dye":1,"minecraft:iron_ingot":40,"minecraft:stone_sword":1,"minecraft:gold_ingot":18,"minecraft:golden_carrot":2,"minecraft:coal":9,"minecraft:iron_nugget":1,"minecraft:diamond_hoe":1,"biomesoplenty:mahogany_planks":21,"comforts:sleeping_bag_white":1,"sophisticatedbackpacks:advanced_magnet_upgrade":1,"minecraft:furnace":3,"minecraft:blast_furnace":1,"minecraft:piston":1,"minecraft:bone_meal":1,"minecraft:candle":2,"comforts:sleeping_bag_light_blue":1,"minecraft:iron_axe":1,"minecraft:stone_pickaxe":1,"minecraft:wheat":42,"minecraft:glistering_melon_slice":1,"sophisticatedbackpacks:iron_backpack":2,"minecraft:cooked_beef":56,"minecraft:diamond_sword":1,"minecraft:iron_sword":2,"sophisticatedbackpacks:gold_backpack":2,"minecraft:bucket":1,"minecraft:stone_axe":1,"minecraft:bread":231,"minecraft:air":1116,"sophisticatedbackpacks:pickup_upgrade":1,"minecraft:gold_nugget":2,"minecraft:white_bed":2,"minecraft:torch":24},"minecraft:killed":{"undead_revamp2:thewolf":1,"minecraft:cave_spider":1,"minecraft:witch":1,"minecraft:spider":4,"minecraft:skeleton":33,"minecraft:chicken":11,"minecraft:silverfish":4,"minecraft:turtle":2,"minecraft:skeleton_horse":1,"undead_revamp2:thespitter":1,"minecraft:cat":1,"minecraft:pig":24,"minecraft:sheep":15,"minecraft:pillager":10,"minecraft:zombie":45,"minecraft:stray":1,"minecraft:cow":32,"minecraft:vindicator":7,"minecraft:drowned":1,"minecraft:husk":5,"undead_revamp2:the_moonflower":5,"minecraft:frog":1,"undead_revamp2:thesomnolence":1,"minecraft:villager":1},"minecraft:mined":{"minecraft:dark_oak_planks":6,"minecraft:spruce_planks":4,"minecraft:white_bed":3,"minecraft:farmland":1,"minecraft:sculk_vein":128,"minecraft:jungle_leaves":44,"minecraft:brewing_stand":1,"minecraft:stone_brick_wall":4,"minecraft:granite":19,"minecraft:grass_block":122,"minecraft:coal_block":9,"minecraft:spawner":7,"minecraft:magma_block":111,"biomesoplenty:tall_lavender":2,"biomesoplenty:orange_cosmos":8,"minecraft:iron_ore":32,"minecraft:barrel":29,"minecraft:fire":42,"minecraft:cobbled_deepslate":21,"minecraft:pumpkin":1,"minecraft:black_carpet":1,"minecraft:anvil":1,"minecraft:azure_bluet":1,"minecraft:dirt_path":22,"minecraft:oak_stairs":7,"minecraft:blackstone":12,"minecraft:torch":11,"minecraft:blast_furnace":2,"minecraft:calcite":3,"minecraft:melon":27,"minecraft:chest":15,"spelunkers_charm:rock_pile_2":1,"spelunkers_charm:deepslate_geyser":1,"minecraft:cobblestone":11,"minecraft:oak_planks":14,"minecraft:wall_torch":12,"spelunkers_charm:rock_pile_3":1,"minecraft:jungle_wood":6,"minecraft:wheat":304,"minecraft:lilac":1,"graveyard:skull_pile":1,"minecraft:stone_brick_stairs":4,"minecraft:smooth_stone_slab":3,"minecraft:grass":50,"minecraft:oak_log":41,"minecraft:beetroots":7,"minecraft:sand":16,"minecraft:dirt":81,"minecraft:smooth_basalt":1,"minecraft:tripwire_hook":1,"minecraft:red_mushroom_block":1,"minecraft:stonecutter":1,"minecraft:netherrack":2,"minecraft:piston":2,"minecraft:oak_leaves":44,"minecraft:deepslate":601,"biomesoplenty:reed":4,"minecraft:crying_obsidian":6,"minecraft:tuff":40,"minecraft:deepslate_diamond_ore":16,"minecraft:glow_lichen":1,"biomesoplenty:bush":15,"minecraft:allium":1,"minecraft:spruce_fence":2,"minecraft:jungle_planks":2,"minecraft:white_stained_glass":1,"spelunkers_charm:deepslate_geyser_lava":2,"minecraft:large_fern":4,"minecraft:hay_block":44,"spelunkers_charm:deepslate_rock_pile_1":1,"minecraft:oak_trapdoor":1,"minecraft:furnace":3,"minecraft:carrots":24,"biomesoplenty:toadstool":3,"minecraft:andesite":14,"spelunkers_charm:deepslate_rock_pile_2":2,"minecraft:gold_block":4,"minecraft:bookshelf":2,"minecraft:potatoes":11,"minecraft:cobblestone_slab":1,"minecraft:deepslate_iron_ore":2,"minecraft:lantern":1,"minecraft:stone":299,"minecraft:bone_block":1,"minecraft:podzol":1,"minecraft:oak_slab":13,"minecraft:glass_pane":2,"minecraft:hanging_roots":2,"minecraft:brown_carpet":1,"minecraft:oak_fence":4,"minecraft:crafting_table":11,"minecraft:oak_wood":1,"minecraft:sculk_sensor":4,"minecraft:copper_ore":5,"minecraft:tall_grass":7,"minecraft:lapis_ore":4,"biomesoplenty:sprout":6,"minecraft:deepslate_gold_ore":13,"minecraft:sculk":430,"minecraft:diorite":3,"minecraft:spruce_stairs":4,"minecraft:black_stained_glass":3,"biomesoplenty:blue_hydrangea":1,"biomesoplenty:mahogany_log":21,"spelunkers_charm:deepslate_rock_pile_3":2,"minecraft:jungle_fence":1,"minecraft:yellow_bed":5,"minecraft:coal_ore":83,"minecraft:gravel":21,"minecraft:cobweb":19,"minecraft:cracked_stone_bricks":2,"minecraft:stone_bricks":18,"minecraft:chipped_anvil":1,"minecraft:fern":64},"minecraft:broken":{"minecraft:iron_leggings":1,"minecraft:diamond_boots":2,"minecraft:iron_sword":2,"minecraft:iron_pickaxe":1},"minecraft:custom":{"minecraft:interact_with_crafting_table":123,"minecraft:open_barrel":93,"minecraft:eat_cake_slice":2,"minecraft:leave_game":18,"minecraft:time_since_death":142844,"minecraft:sprint_one_cm":2440222,"minecraft:damage_blocked_by_shield":7058,"minecraft:drop":345,"minecraft:talked_to_villager":5,"minecraft:play_time":745622,"minecraft:deaths":12,"minecraft:jump":9035,"minecraft:walk_on_water_one_cm":118971,"minecraft:interact_with_furnace":210,"minecraft:interact_with_loom":3,"minecraft:sleep_in_bed":52,"minecraft:damage_dealt":35577,"minecraft:crouch_one_cm":31906,"tombstone:undead_killed":93,"tombstone:villager_killed":1,"minecraft:interact_with_smoker":1,"minecraft:inspect_dispenser":1,"minecraft:interact_with_smithing_table":1,"minecraft:interact_with_anvil":3,"minecraft:mob_kills":217,"minecraft:damage_dealt_resisted":937,"minecraft:climb_one_cm":32429,"minecraft:walk_one_cm":1132084,"minecraft:damage_dealt_absorbed":57,"minecraft:sneak_time":12573,"minecraft:walk_under_water_one_cm":100501,"minecraft:boat_one_cm":51968,"minecraft:interact_with_blast_furnace":19,"minecraft:total_world_time":745622,"tombstone:raider_killed":18,"minecraft:interact_with_stonecutter":1,"minecraft:time_since_rest":743,"minecraft:damage_taken":12078,"tombstone:cast_on_ally":10,"minecraft:swim_one_cm":342943,"minecraft:fly_one_cm":1688139,"minecraft:open_chest":194,"minecraft:fall_one_cm":213125},"minecraft:dropped":{"minecraft:iron_sword":5,"minecraft:piston":1,"minecraft:brown_mushroom":1,"biomesoplenty:pink_daffodil":3,"minecraft:oak_log":2,"immersive_armors:divine_helmet":1,"minecraft:crafting_table":1,"minecraft:cooked_porkchop":5,"minecraft:dark_oak_sapling":10,"minecraft:jungle_fence":1,"minecraft:glow_berries":6,"minecraft:lantern":5,"minecraft:leather":5,"minecraft:iron_horse_armor":1,"minecraft:saddle":1,"minecraft:rail":4,"graveyard:corruption":3,"minecraft:leather_helmet":6,"minecraft:red_mushroom":3,"minecraft:flint":4,"minecraft:music_disc_13":2,"minecraft:dirt":74,"tombstone:bag_of_seeds":1,"comforts:sleeping_bag_light_blue":2,"minecraft:mutton":1,"minecraft:coast_armor_trim_smithing_template":1,"minecraft:seagrass":1,"immersive_armors:prismarine_helmet":1,"minecraft:jungle_sapling":1,"minecraft:gold_nugget":1,"minecraft:pumpkin_pie":1,"minecraft:bone_meal":9,"minecraft:iron_pickaxe":4,"undead_revamp2:blacpetalblock":1,"minecraft:birch_log":2,"spelunkers_charm:candle_helmet":1,"minecraft:music_disc_stal":2,"minecraft:white_wool":5,"minecraft:bone":24,"minecraft:gravel":4,"biomesoplenty:toadstool":2,"minecraft:stone_axe":2,"comforts:sleeping_bag_red":2,"minecraft:compass":2,"minecraft:iron_nugget":48,"minecraft:cobbled_deepslate":477,"minecraft:wheat":2,"minecraft:beetroot":7,"minecraft:rotten_flesh":91,"minecraft:oak_planks":2,"minecraft:cooked_mutton":6,"minecraft:azure_bluet":2,"minecraft:white_bed":1,"minecraft:carrot":5,"minecraft:rabbit_foot":1,"minecraft:leather_chestplate":2,"minecraft:tipped_arrow":2,"sophisticatedbackpacks:anvil_upgrade":1,"minecraft:oak_wood":1,"minecraft:beetroot_seeds":32,"minecraft:melon_seeds":3,"spelunkers_charm:rock":5,"minecraft:leather_boots":2,"minecraft:ladder":2,"minecraft:leather_leggings":1,"minecraft:arrow":4,"minecraft:powered_rail":6,"minecraft:crying_obsidian":1,"minecraft:stone_brick_stairs":3,"biomesoplenty:tall_lavender":2,"minecraft:egg":3,"minecraft:iron_ingot":2,"minecraft:bread":4,"minecraft:oak_slab":5,"minecraft:black_dye":2,"minecraft:wheat_seeds":339,"minecraft:iron_helmet":1,"minecraft:feather":12,"minecraft:cobblestone":155,"minecraft:jungle_wood":6,"minecraft:granite":19,"minecraft:activator_rail":4,"minecraft:spruce_stairs":3,"spelunkers_charm:deepslate_rock":9,"minecraft:stick":8,"minecraft:gray_wool":1,"minecraft:diorite":2,"minecraft:torch":3,"minecraft:rose_bush":1,"minecraft:brown_wool":3,"minecraft:cooked_salmon":2,"tombstone:grave_dust":6,"minecraft:iron_leggings":6,"minecraft:oak_stairs":4,"minecraft:pumpkin":17,"minecraft:white_banner":1,"minecraft:chainmail_leggings":2,"minecraft:paper":1,"minecraft:string":10,"minecraft:music_disc_cat":5,"minecraft:redstone":3,"minecraft:player_head":6,"minecraft:stone_sword":1,"minecraft:raw_copper":21,"minecraft:smooth_stone_slab":1,"minecraft:sticky_piston":3,"minecraft:tuff":40,"minecraft:iron_boots":3,"minecraft:damaged_anvil":1,"minecraft:spruce_fence":1,"minecraft:pumpkin_seeds":3,"minecraft:filled_map":3,"minecraft:diamond_sword":1,"minecraft:hay_block":1,"minecraft:shield":5,"alexscaves:cooked_radgill":1,"minecraft:allium":1,"minecraft:spruce_planks":4,"minecraft:bundle":1,"minecraft:iron_chestplate":7,"minecraft:andesite":13,"minecraft:yellow_bed":1,"minecraft:oak_sapling":8,"biomesoplenty:blue_hydrangea":1,"minecraft:barrel":8,"minecraft:stone_bricks":6,"minecraft:brown_carpet":1,"minecraft:bow":4,"sophisticatedbackpacks:copper_backpack":1,"biomesoplenty:magic_log":5,"minecraft:magenta_dye":3,"minecraft:stone_pickaxe":4,"minecraft:calcite":3,"minecraft:magma_block":41,"minecraft:cooked_rabbit":3,"minecraft:black_wool":1},"minecraft:used":{"tombstone:scroll_of_unstable_intangibility":1,"tombstone:blue_marble":1,"minecraft:diamond_hoe":522,"minecraft:iron_sword":600,"minecraft:shield":101,"alexscaves:cooked_lanternfish":1,"minecraft:carrot":17,"tombstone:tablet_of_cupidity":4,"minecraft:stone_bricks":3,"minecraft:item_frame":1,"minecraft:furnace":4,"minecraft:cooked_cod":4,"minecraft:stone_pickaxe":17,"minecraft:oak_planks":15,"minecraft:wooden_pickaxe":4,"tombstone:tablet_of_guard":2,"minecraft:glow_berries":23,"minecraft:sand":13,"minecraft:blast_furnace":1,"minecraft:melon_slice":43,"minecraft:bread":180,"comforts:sleeping_bag_light_blue":21,"alexscaves:tripodfish":1,"minecraft:diamond_sword":185,"alexscaves:lanternfish":1,"minecraft:cobweb":14,"minecraft:experience_bottle":2,"tombstone:scroll_of_lightning_resistance":2,"minecraft:stone_sword":133,"minecraft:flint_and_steel":47,"minecraft:carved_pumpkin":2,"tombstone:scroll_of_frost_resistance":1,"minecraft:cooked_salmon":3,"minecraft:cooked_chicken":2,"minecraft:spyglass":66,"minecraft:torch":152,"minecraft:anvil":1,"minecraft:dirt":70,"alexscaves:cooked_tripodfish":1,"ironbows:emerald_bow":5,"minecraft:spruce_stairs":1,"minecraft:chipped_anvil":1,"minecraft:iron_axe":161,"minecraft:beef":4,"tombstone:gift":11,"comforts:sleeping_bag_white":14,"minecraft:cooked_beef":1,"minecraft:cobbled_deepslate":68,"minecraft:cooked_mutton":6,"tombstone:scroll_of_mercy":1,"minecraft:water_bucket":10,"tombstone:scroll_of_knowledge":2,"minecraft:cobblestone_slab":1,"minecraft:oak_slab":2,"minecraft:tnt":1,"minecraft:crafting_table":20,"minecraft:white_bed":3,"minecraft:cod":1,"alexscaves:cooked_radgill":4,"minecraft:diamond_pickaxe":1099,"minecraft:apple":5,"minecraft:diamond_shovel":92,"minecraft:chicken":1,"minecraft:iron_pickaxe":426,"tombstone:magic_scroll":1,"biomesoplenty:toadstool":2,"minecraft:stone_axe":117,"minecraft:cobblestone":38,"minecraft:cooked_porkchop":15,"minecraft:bucket":12,"minecraft:pumpkin_pie":1,"minecraft:yellow_bed":5},"minecraft:killed_by":{"undead_revamp2:the_moonflower":1,"minecraft:pillager":1,"undead_revamp2:clogger":1,"minecraft:vindicator":2,"minecraft:zombie":2,"minecraft:husk":2,"minecraft:skeleton":3},"minecraft:picked_up":{"minecraft:seagrass":3,"minecraft:iron_chestplate":5,"minecraft:wheat":280,"minecraft:anvil":1,"minecraft:oak_stairs":4,"minecraft:enchanted_book":2,"minecraft:stone_brick_stairs":3,"minecraft:brewing_stand":1,"immersive_armors:prismarine_helmet":1,"minecraft:string":27,"minecraft:raw_copper":4,"minecraft:cooked_salmon":4,"minecraft:smooth_stone_slab":1,"minecraft:iron_leggings":3,"minecraft:sticky_piston":2,"biomesoplenty:tall_lavender":2,"minecraft:experience_bottle":2,"minecraft:beetroot":7,"minecraft:activator_rail":4,"minecraft:smooth_stone":1,"minecraft:cobbled_deepslate":144,"minecraft:bucket":1,"comforts:sleeping_bag_white":10,"minecraft:spruce_planks":4,"minecraft:rose_bush":1,"minecraft:cobblestone_slab":1,"minecraft:calcite":3,"minecraft:iron_pickaxe":4,"minecraft:melon_slice":44,"minecraft:coal_block":9,"minecraft:iron_boots":2,"minecraft:furnace":3,"minecraft:tipped_arrow":2,"minecraft:stick":6,"minecraft:torch":29,"minecraft:spruce_stairs":4,"minecraft:porkchop":39,"tombstone:grave_dust":7,"minecraft:diorite":2,"minecraft:rabbit_foot":1,"minecraft:rotten_flesh":38,"minecraft:carved_pumpkin":2,"minecraft:cod":3,"biomesoplenty:orange_cosmos":1,"minecraft:cobblestone":147,"minecraft:birch_log":2,"minecraft:magma_block":41,"minecraft:feather":17,"minecraft:lilac":1,"sophisticatedbackpacks:anvil_upgrade":1,"minecraft:brown_wool":2,"minecraft:potato":32,"alexscaves:lanternfish":1,"minecraft:dirt":85,"minecraft:lantern":5,"minecraft:leather_boots":1,"minecraft:bone":20,"minecraft:chipped_anvil":2,"undead_revamp2:blacpetalblock":2,"minecraft:bow":3,"minecraft:wheat_seeds":329,"minecraft:raw_gold":12,"minecraft:oak_planks":10,"minecraft:honeycomb":5,"biomesoplenty:toadstool":5,"minecraft:cooked_porkchop":5,"minecraft:sand":13,"comforts:sleeping_bag_cyan":1,"minecraft:bundle":1,"alexscaves:cooked_radgill":4,"minecraft:diamond":13,"minecraft:granite":19,"minecraft:emerald":5,"minecraft:bread":7,"immersive_armors:divine_helmet":1,"biomesoplenty:pink_daffodil":1,"minecraft:oak_sapling":3,"minecraft:netherrack":1,"minecraft:crafting_table":9,"minecraft:allium":2,"minecraft:azure_bluet":1,"minecraft:chicken":12,"minecraft:ladder":2,"minecraft:cooked_rabbit":3,"minecraft:gold_block":2,"minecraft:shield":1,"minecraft:item_frame":1,"minecraft:compass":2,"graveyard:corruption":3,"tombstone:scroll_of_unstable_intangibility":1,"minecraft:beef":63,"minecraft:player_head":6,"minecraft:iron_nugget":5,"minecraft:light_gray_wool":1,"minecraft:chest":1,"minecraft:egg":2,"minecraft:raw_iron":34,"minecraft:stone":1,"minecraft:spruce_fence":1,"minecraft:carrot":66,"minecraft:redstone":12,"alexscaves:tripodfish":1,"minecraft:arrow":9,"minecraft:cooked_cod":4,"minecraft:beetroot_seeds":17,"minecraft:pumpkin_pie":2,"minecraft:hay_block":41,"comforts:sleeping_bag_red":1,"tombstone:essence_of_undeath":1,"minecraft:saddle":1,"minecraft:gold_ingot":7,"sophisticatedbackpacks:copper_backpack":1,"minecraft:glow_berries":6,"minecraft:mutton":13,"minecraft:bone_block":1,"minecraft:rail":4,"minecraft:white_wool":13,"minecraft:air":0,"minecraft:salmon":1,"minecraft:leather":38,"minecraft:music_disc_stal":1,"minecraft:filled_map":2,"spelunkers_charm:old_miners_bundle":1,"minecraft:oak_log":36,"minecraft:yellow_bed":6,"comforts:sleeping_bag_light_blue":15,"minecraft:paper":1,"minecraft:white_banner":1,"tombstone:gift":1,"minecraft:coast_armor_trim_smithing_template":1,"minecraft:stone_bricks":9,"minecraft:heart_of_the_sea":1,"minecraft:iron_ingot":6,"minecraft:stone_pickaxe":2,"minecraft:cooked_chicken":3,"biomesoplenty:magic_log":5,"tombstone:bag_of_seeds":1,"minecraft:iron_sword":4,"minecraft:book":157,"minecraft:oak_slab":4,"minecraft:spyglass":1,"minecraft:gravel":2,"minecraft:blast_furnace":1,"minecraft:white_bed":2,"minecraft:crying_obsidian":4,"minecraft:leather_helmet":2,"tombstone:blue_marble":1,"minecraft:stone_axe":1,"tombstone:scroll_of_knowledge":1,"minecraft:chainmail_leggings":1,"minecraft:iron_helmet":1,"minecraft:gray_wool":1,"tombstone:magic_scroll":1,"spelunkers_charm:rock":5,"minecraft:damaged_anvil":1,"minecraft:black_wool":1,"alexscaves:cooked_lanternfish":1,"minecraft:coal":74,"minecraft:sunflower":3,"minecraft:ender_pearl":3}},"DataVersion":3465}