{"stats":{"minecraft:used":{"minecraft:sand":10},"minecraft:picked_up":{"minecraft:oak_log":6,"minecraft:sand":10},"minecraft:mined":{"minecraft:oak_log":6,"minecraft:sand":10},"minecraft:custom":{"minecraft:jump":62,"minecraft:time_since_rest":7835,"minecraft:leave_game":2,"minecraft:play_time":7835,"minecraft:sprint_one_cm":10869,"minecraft:damage_taken":10,"minecraft:time_since_death":7835,"minecraft:walk_one_cm":12173,"minecraft:total_world_time":7835,"minecraft:fall_one_cm":1825,"minecraft:fly_one_cm":7023},"minecraft:crafted":{"minecraft:oak_planks":6,"minecraft:air":24}},"DataVersion":3465}