{"stats":{"minecraft:killed_by":{"undead_revamp2:the_moonflower":1,"minecraft:pillager":1,"undead_revamp2:clogger":1,"minecraft:vindicator":2,"minecraft:zombie":2,"minecraft:husk":2,"minecraft:skeleton":3},"minecraft:used":{"tombstone:scroll_of_unstable_intangibility":1,"tombstone:blue_marble":1,"minecraft:diamond_hoe":520,"minecraft:shield":87,"minecraft:iron_sword":600,"alexscaves:cooked_lanternfish":1,"minecraft:carrot":8,"minecraft:stone_bricks":3,"minecraft:item_frame":1,"minecraft:furnace":4,"minecraft:cooked_cod":4,"minecraft:stone_pickaxe":17,"minecraft:oak_planks":15,"minecraft:wooden_pickaxe":4,"tombstone:tablet_of_guard":2,"minecraft:glow_berries":23,"minecraft:sand":13,"minecraft:blast_furnace":1,"minecraft:melon_slice":43,"minecraft:bread":144,"comforts:sleeping_bag_light_blue":13,"alexscaves:tripodfish":1,"minecraft:diamond_sword":80,"alexscaves:lanternfish":1,"minecraft:cobweb":13,"minecraft:experience_bottle":2,"tombstone:scroll_of_lightning_resistance":2,"minecraft:stone_sword":133,"minecraft:flint_and_steel":14,"minecraft:carved_pumpkin":2,"tombstone:scroll_of_frost_resistance":1,"minecraft:cooked_salmon":3,"minecraft:cooked_chicken":2,"minecraft:torch":139,"minecraft:spyglass":36,"minecraft:anvil":1,"minecraft:dirt":69,"alexscaves:cooked_tripodfish":1,"ironbows:emerald_bow":5,"minecraft:spruce_stairs":1,"minecraft:chipped_anvil":1,"minecraft:iron_axe":129,"minecraft:beef":4,"tombstone:gift":9,"comforts:sleeping_bag_white":14,"minecraft:cooked_beef":1,"minecraft:cobbled_deepslate":30,"minecraft:cooked_mutton":6,"tombstone:scroll_of_mercy":1,"minecraft:water_bucket":7,"tombstone:scroll_of_knowledge":1,"minecraft:oak_slab":2,"minecraft:tnt":1,"minecraft:crafting_table":18,"minecraft:white_bed":3,"minecraft:cod":1,"alexscaves:cooked_radgill":4,"minecraft:diamond_pickaxe":1027,"minecraft:apple":5,"minecraft:chicken":1,"minecraft:iron_pickaxe":426,"tombstone:magic_scroll":1,"biomesoplenty:toadstool":2,"minecraft:stone_axe":117,"minecraft:cobblestone":38,"minecraft:cooked_porkchop":15,"minecraft:bucket":8,"minecraft:pumpkin_pie":1,"minecraft:yellow_bed":5},"minecraft:crafted":{"minecraft:smooth_stone":5,"minecraft:oak_planks":34,"minecraft:cooked_chicken":12,"sophisticatedbackpacks:magnet_upgrade":1,"minecraft:stone":3,"minecraft:cooked_mutton":22,"minecraft:iron_boots":1,"minecraft:chest":1,"minecraft:magenta_dye":3,"ironbows:emerald_bow":1,"sophisticatedbackpacks:backpack":2,"minecraft:cooked_porkchop":17,"minecraft:crafting_table":8,"minecraft:wooden_pickaxe":1,"spelunkers_charm:candle_helmet":2,"minecraft:baked_potato":42,"minecraft:sticky_piston":2,"sophisticatedbackpacks:feeding_upgrade":1,"sophisticatedbackpacks:upgrade_base":2,"minecraft:iron_chestplate":2,"minecraft:diamond_pickaxe":1,"minecraft:shield":3,"minecraft:stick":28,"minecraft:light_blue_dye":1,"minecraft:iron_ingot":40,"minecraft:stone_sword":1,"minecraft:gold_ingot":14,"minecraft:golden_carrot":2,"minecraft:coal":9,"minecraft:iron_nugget":1,"minecraft:diamond_hoe":1,"biomesoplenty:mahogany_planks":21,"comforts:sleeping_bag_white":1,"sophisticatedbackpacks:advanced_magnet_upgrade":1,"minecraft:furnace":3,"minecraft:blast_furnace":1,"minecraft:piston":1,"minecraft:bone_meal":1,"minecraft:candle":2,"comforts:sleeping_bag_light_blue":1,"minecraft:iron_axe":1,"minecraft:stone_pickaxe":1,"minecraft:wheat":42,"minecraft:glistering_melon_slice":1,"sophisticatedbackpacks:iron_backpack":2,"minecraft:cooked_beef":56,"minecraft:diamond_sword":1,"minecraft:iron_sword":2,"sophisticatedbackpacks:gold_backpack":2,"minecraft:bucket":1,"minecraft:stone_axe":1,"minecraft:bread":231,"minecraft:air":1078,"sophisticatedbackpacks:pickup_upgrade":1,"minecraft:gold_nugget":2,"minecraft:white_bed":2,"minecraft:torch":24},"minecraft:picked_up":{"minecraft:seagrass":3,"minecraft:iron_chestplate":5,"minecraft:wheat":280,"minecraft:anvil":1,"minecraft:oak_stairs":4,"minecraft:enchanted_book":2,"minecraft:stone_brick_stairs":3,"minecraft:brewing_stand":1,"immersive_armors:prismarine_helmet":1,"minecraft:string":27,"minecraft:raw_copper":4,"minecraft:cooked_salmon":4,"minecraft:smooth_stone_slab":1,"minecraft:iron_leggings":3,"minecraft:sticky_piston":2,"biomesoplenty:tall_lavender":2,"minecraft:experience_bottle":2,"minecraft:beetroot":7,"minecraft:activator_rail":4,"minecraft:smooth_stone":1,"minecraft:cobbled_deepslate":102,"comforts:sleeping_bag_white":10,"minecraft:spruce_planks":4,"minecraft:rose_bush":1,"minecraft:calcite":3,"minecraft:iron_pickaxe":4,"minecraft:melon_slice":44,"minecraft:coal_block":9,"minecraft:iron_boots":2,"minecraft:furnace":3,"minecraft:tipped_arrow":2,"minecraft:stick":6,"minecraft:torch":29,"minecraft:spruce_stairs":4,"minecraft:porkchop":39,"tombstone:grave_dust":7,"minecraft:diorite":2,"minecraft:rabbit_foot":1,"minecraft:rotten_flesh":35,"minecraft:carved_pumpkin":2,"minecraft:cod":3,"biomesoplenty:orange_cosmos":1,"minecraft:cobblestone":138,"minecraft:birch_log":2,"minecraft:magma_block":41,"minecraft:feather":17,"minecraft:lilac":1,"minecraft:brown_wool":2,"minecraft:potato":32,"alexscaves:lanternfish":1,"minecraft:dirt":81,"minecraft:lantern":5,"minecraft:leather_boots":1,"minecraft:bone":18,"minecraft:chipped_anvil":2,"undead_revamp2:blacpetalblock":2,"minecraft:bow":3,"minecraft:wheat_seeds":329,"minecraft:raw_gold":12,"minecraft:oak_planks":10,"minecraft:honeycomb":5,"biomesoplenty:toadstool":3,"minecraft:cooked_porkchop":5,"minecraft:sand":13,"comforts:sleeping_bag_cyan":1,"minecraft:bundle":1,"alexscaves:cooked_radgill":4,"minecraft:diamond":13,"minecraft:granite":19,"minecraft:emerald":5,"minecraft:bread":7,"immersive_armors:divine_helmet":1,"biomesoplenty:pink_daffodil":1,"minecraft:oak_sapling":3,"minecraft:crafting_table":9,"minecraft:allium":2,"minecraft:azure_bluet":1,"minecraft:chicken":12,"minecraft:ladder":2,"minecraft:cooked_rabbit":3,"minecraft:shield":1,"minecraft:item_frame":1,"minecraft:compass":2,"graveyard:corruption":3,"tombstone:scroll_of_unstable_intangibility":1,"minecraft:beef":63,"minecraft:player_head":6,"minecraft:iron_nugget":5,"minecraft:light_gray_wool":1,"minecraft:chest":1,"minecraft:egg":2,"minecraft:raw_iron":34,"minecraft:stone":1,"minecraft:spruce_fence":1,"minecraft:carrot":66,"minecraft:redstone":12,"alexscaves:tripodfish":1,"minecraft:arrow":7,"minecraft:cooked_cod":4,"minecraft:beetroot_seeds":17,"minecraft:pumpkin_pie":2,"minecraft:hay_block":41,"comforts:sleeping_bag_red":1,"minecraft:saddle":1,"minecraft:gold_ingot":7,"sophisticatedbackpacks:copper_backpack":1,"minecraft:glow_berries":6,"minecraft:mutton":12,"minecraft:bone_block":1,"minecraft:rail":4,"minecraft:white_wool":13,"minecraft:air":0,"minecraft:salmon":1,"minecraft:leather":38,"minecraft:music_disc_stal":1,"minecraft:filled_map":2,"spelunkers_charm:old_miners_bundle":1,"minecraft:oak_log":36,"minecraft:yellow_bed":6,"comforts:sleeping_bag_light_blue":7,"minecraft:paper":1,"tombstone:gift":1,"minecraft:coast_armor_trim_smithing_template":1,"minecraft:stone_bricks":9,"minecraft:heart_of_the_sea":1,"minecraft:iron_ingot":6,"minecraft:stone_pickaxe":2,"minecraft:cooked_chicken":3,"biomesoplenty:magic_log":5,"tombstone:bag_of_seeds":1,"minecraft:iron_sword":4,"minecraft:oak_slab":4,"minecraft:spyglass":1,"minecraft:blast_furnace":1,"minecraft:white_bed":2,"minecraft:crying_obsidian":1,"minecraft:leather_helmet":2,"minecraft:stone_axe":1,"tombstone:scroll_of_knowledge":1,"minecraft:chainmail_leggings":1,"minecraft:iron_helmet":1,"minecraft:gray_wool":1,"tombstone:magic_scroll":1,"spelunkers_charm:rock":5,"minecraft:damaged_anvil":1,"minecraft:black_wool":1,"alexscaves:cooked_lanternfish":1,"minecraft:coal":74,"minecraft:sunflower":3,"minecraft:ender_pearl":3},"minecraft:killed":{"undead_revamp2:thewolf":1,"minecraft:cave_spider":1,"minecraft:witch":1,"minecraft:spider":4,"minecraft:skeleton":31,"minecraft:chicken":11,"minecraft:silverfish":4,"minecraft:turtle":2,"minecraft:skeleton_horse":1,"undead_revamp2:thespitter":1,"minecraft:cat":1,"minecraft:pig":19,"minecraft:sheep":8,"minecraft:pillager":4,"minecraft:zombie":40,"minecraft:stray":1,"minecraft:cow":29,"minecraft:vindicator":7,"minecraft:drowned":1,"minecraft:husk":4,"undead_revamp2:the_moonflower":3,"minecraft:frog":1,"undead_revamp2:thesomnolence":1,"minecraft:villager":1},"minecraft:broken":{"minecraft:iron_leggings":1,"minecraft:diamond_boots":2,"minecraft:iron_sword":2,"minecraft:iron_pickaxe":1},"minecraft:mined":{"minecraft:dark_oak_planks":6,"minecraft:white_bed":3,"minecraft:spruce_planks":4,"minecraft:sculk_vein":128,"minecraft:jungle_leaves":44,"minecraft:brewing_stand":1,"minecraft:granite":19,"minecraft:stone_brick_wall":4,"minecraft:grass_block":56,"minecraft:coal_block":9,"minecraft:spawner":5,"minecraft:magma_block":111,"biomesoplenty:tall_lavender":2,"biomesoplenty:orange_cosmos":8,"minecraft:iron_ore":32,"minecraft:cobbled_deepslate":14,"minecraft:fire":38,"minecraft:barrel":29,"minecraft:pumpkin":1,"minecraft:black_carpet":1,"minecraft:anvil":1,"minecraft:azure_bluet":1,"minecraft:dirt_path":22,"minecraft:oak_stairs":7,"minecraft:blackstone":12,"minecraft:torch":10,"minecraft:blast_furnace":2,"minecraft:calcite":3,"minecraft:melon":9,"minecraft:chest":11,"spelunkers_charm:rock_pile_2":1,"spelunkers_charm:deepslate_geyser":1,"minecraft:cobblestone":10,"minecraft:oak_planks":14,"minecraft:wall_torch":12,"spelunkers_charm:rock_pile_3":1,"minecraft:jungle_wood":6,"minecraft:wheat":304,"minecraft:lilac":1,"graveyard:skull_pile":1,"minecraft:stone_brick_stairs":4,"minecraft:smooth_stone_slab":3,"minecraft:grass":42,"minecraft:oak_log":41,"minecraft:beetroots":7,"minecraft:sand":16,"minecraft:dirt":52,"minecraft:smooth_basalt":1,"minecraft:tripwire_hook":1,"minecraft:stonecutter":1,"minecraft:piston":2,"minecraft:oak_leaves":44,"minecraft:deepslate":566,"biomesoplenty:reed":4,"minecraft:tuff":40,"minecraft:crying_obsidian":3,"minecraft:deepslate_diamond_ore":16,"minecraft:glow_lichen":1,"biomesoplenty:bush":15,"minecraft:allium":1,"minecraft:spruce_fence":2,"minecraft:jungle_planks":2,"minecraft:white_stained_glass":1,"spelunkers_charm:deepslate_geyser_lava":2,"minecraft:large_fern":4,"minecraft:hay_block":44,"spelunkers_charm:deepslate_rock_pile_1":1,"minecraft:oak_trapdoor":1,"minecraft:furnace":3,"minecraft:carrots":24,"biomesoplenty:toadstool":3,"minecraft:andesite":14,"spelunkers_charm:deepslate_rock_pile_2":2,"minecraft:gold_block":2,"minecraft:bookshelf":2,"minecraft:potatoes":11,"minecraft:deepslate_iron_ore":2,"minecraft:lantern":1,"minecraft:stone":286,"minecraft:bone_block":1,"minecraft:podzol":1,"minecraft:oak_slab":13,"minecraft:glass_pane":2,"minecraft:hanging_roots":2,"minecraft:brown_carpet":1,"minecraft:crafting_table":11,"minecraft:oak_wood":1,"minecraft:sculk_sensor":4,"minecraft:lapis_ore":4,"minecraft:copper_ore":5,"minecraft:tall_grass":2,"biomesoplenty:sprout":6,"minecraft:deepslate_gold_ore":13,"minecraft:sculk":430,"minecraft:diorite":3,"minecraft:spruce_stairs":4,"minecraft:black_stained_glass":3,"biomesoplenty:blue_hydrangea":1,"biomesoplenty:mahogany_log":21,"spelunkers_charm:deepslate_rock_pile_3":2,"minecraft:jungle_fence":1,"minecraft:yellow_bed":5,"minecraft:coal_ore":83,"minecraft:gravel":19,"minecraft:cobweb":19,"minecraft:cracked_stone_bricks":2,"minecraft:stone_bricks":18,"minecraft:chipped_anvil":1,"minecraft:fern":49},"minecraft:custom":{"minecraft:interact_with_crafting_table":118,"minecraft:open_barrel":93,"minecraft:eat_cake_slice":2,"minecraft:leave_game":14,"minecraft:time_since_death":49493,"minecraft:sprint_one_cm":2083266,"minecraft:damage_blocked_by_shield":6203,"minecraft:drop":309,"minecraft:talked_to_villager":5,"minecraft:play_time":652271,"minecraft:deaths":12,"minecraft:jump":7426,"minecraft:walk_on_water_one_cm":110224,"minecraft:interact_with_furnace":210,"minecraft:interact_with_loom":3,"minecraft:sleep_in_bed":44,"minecraft:damage_dealt":29859,"minecraft:crouch_one_cm":29195,"tombstone:undead_killed":83,"tombstone:villager_killed":1,"minecraft:interact_with_smoker":1,"minecraft:inspect_dispenser":1,"minecraft:interact_with_smithing_table":1,"minecraft:interact_with_anvil":3,"minecraft:mob_kills":182,"minecraft:damage_dealt_resisted":393,"minecraft:climb_one_cm":11154,"minecraft:walk_one_cm":1028230,"minecraft:damage_dealt_absorbed":57,"minecraft:sneak_time":11297,"minecraft:walk_under_water_one_cm":95085,"minecraft:boat_one_cm":51968,"minecraft:interact_with_blast_furnace":19,"minecraft:total_world_time":652271,"tombstone:raider_killed":12,"minecraft:interact_with_stonecutter":1,"minecraft:time_since_rest":9995,"minecraft:damage_taken":11081,"tombstone:cast_on_ally":10,"minecraft:swim_one_cm":291762,"minecraft:fly_one_cm":1376896,"minecraft:open_chest":179,"minecraft:fall_one_cm":164574},"minecraft:dropped":{"minecraft:iron_sword":5,"minecraft:piston":1,"minecraft:brown_mushroom":1,"biomesoplenty:pink_daffodil":3,"minecraft:oak_log":2,"immersive_armors:divine_helmet":1,"minecraft:dark_oak_sapling":10,"minecraft:crafting_table":1,"minecraft:cooked_porkchop":5,"minecraft:jungle_fence":1,"minecraft:glow_berries":6,"minecraft:lantern":5,"minecraft:saddle":1,"minecraft:rail":4,"graveyard:corruption":3,"minecraft:leather_helmet":5,"minecraft:red_mushroom":3,"minecraft:music_disc_13":2,"minecraft:flint":4,"minecraft:dirt":69,"tombstone:bag_of_seeds":1,"comforts:sleeping_bag_light_blue":1,"minecraft:coast_armor_trim_smithing_template":1,"minecraft:seagrass":1,"immersive_armors:prismarine_helmet":1,"minecraft:jungle_sapling":1,"minecraft:gold_nugget":1,"minecraft:pumpkin_pie":1,"minecraft:bone_meal":9,"minecraft:iron_pickaxe":4,"undead_revamp2:blacpetalblock":1,"minecraft:birch_log":2,"spelunkers_charm:candle_helmet":1,"minecraft:music_disc_stal":2,"minecraft:white_wool":5,"minecraft:bone":23,"minecraft:stone_axe":2,"comforts:sleeping_bag_red":2,"minecraft:compass":2,"minecraft:iron_nugget":48,"minecraft:cobbled_deepslate":393,"minecraft:wheat":2,"minecraft:beetroot":7,"minecraft:rotten_flesh":82,"minecraft:oak_planks":2,"minecraft:cooked_mutton":6,"minecraft:azure_bluet":2,"minecraft:white_bed":1,"minecraft:carrot":5,"minecraft:rabbit_foot":1,"minecraft:leather_chestplate":2,"minecraft:tipped_arrow":2,"minecraft:oak_wood":1,"minecraft:beetroot_seeds":32,"minecraft:melon_seeds":3,"spelunkers_charm:rock":5,"minecraft:leather_boots":2,"minecraft:ladder":2,"minecraft:arrow":4,"minecraft:powered_rail":6,"minecraft:crying_obsidian":1,"minecraft:stone_brick_stairs":3,"biomesoplenty:tall_lavender":2,"minecraft:egg":3,"minecraft:bread":4,"minecraft:oak_slab":5,"minecraft:black_dye":2,"minecraft:wheat_seeds":335,"minecraft:iron_helmet":1,"minecraft:feather":12,"minecraft:cobblestone":134,"minecraft:jungle_wood":6,"minecraft:granite":19,"minecraft:activator_rail":4,"minecraft:spruce_stairs":3,"spelunkers_charm:deepslate_rock":9,"minecraft:stick":8,"minecraft:gray_wool":1,"minecraft:diorite":2,"minecraft:torch":3,"minecraft:rose_bush":1,"minecraft:brown_wool":3,"minecraft:cooked_salmon":2,"tombstone:grave_dust":6,"minecraft:iron_leggings":6,"minecraft:oak_stairs":4,"minecraft:pumpkin":1,"minecraft:chainmail_leggings":2,"minecraft:paper":1,"minecraft:string":5,"minecraft:music_disc_cat":5,"minecraft:redstone":3,"minecraft:player_head":6,"minecraft:stone_sword":1,"minecraft:raw_copper":4,"minecraft:smooth_stone_slab":1,"minecraft:tuff":40,"minecraft:sticky_piston":3,"minecraft:iron_boots":3,"minecraft:damaged_anvil":1,"minecraft:spruce_fence":1,"minecraft:pumpkin_seeds":3,"minecraft:filled_map":3,"minecraft:hay_block":1,"minecraft:shield":4,"alexscaves:cooked_radgill":1,"minecraft:allium":1,"minecraft:spruce_planks":4,"minecraft:bundle":1,"minecraft:iron_chestplate":7,"minecraft:yellow_bed":1,"minecraft:oak_sapling":4,"biomesoplenty:blue_hydrangea":1,"minecraft:barrel":8,"minecraft:stone_bricks":6,"minecraft:brown_carpet":1,"minecraft:bow":3,"sophisticatedbackpacks:copper_backpack":1,"biomesoplenty:magic_log":5,"minecraft:magenta_dye":3,"minecraft:stone_pickaxe":4,"minecraft:calcite":3,"minecraft:magma_block":41,"minecraft:cooked_rabbit":3,"minecraft:black_wool":1}},"DataVersion":3465}