{"stats":{"minecraft:killed":{"minecraft:spider":1,"minecraft:skeleton":19,"minecraft:chicken":6,"minecraft:silverfish":4,"minecraft:turtle":1,"minecraft:skeleton_horse":1,"minecraft:cat":1,"minecraft:pig":11,"minecraft:sheep":8,"undead_revamp2:thesomnolence":1,"minecraft:zombie":30,"minecraft:villager":1,"minecraft:cow":25},"minecraft:dropped":{"minecraft:bread":4,"minecraft:iron_sword":2,"minecraft:wheat_seeds":320,"minecraft:oak_log":2,"immersive_armors:divine_helmet":1,"minecraft:crafting_table":1,"minecraft:cooked_porkchop":5,"minecraft:cobblestone":2,"minecraft:iron_helmet":1,"minecraft:feather":6,"minecraft:lantern":5,"minecraft:saddle":1,"minecraft:flint":4,"minecraft:stick":5,"tombstone:bag_of_seeds":1,"minecraft:dirt":13,"minecraft:torch":3,"minecraft:seagrass":1,"minecraft:rose_bush":1,"minecraft:coast_armor_trim_smithing_template":1,"tombstone:grave_dust":6,"minecraft:iron_leggings":4,"minecraft:pumpkin_pie":1,"minecraft:iron_pickaxe":3,"undead_revamp2:blacpetalblock":1,"minecraft:chainmail_leggings":2,"minecraft:paper":1,"minecraft:white_wool":3,"minecraft:bone":4,"minecraft:stone_axe":2,"minecraft:compass":2,"minecraft:iron_nugget":7,"minecraft:player_head":6,"minecraft:cobbled_deepslate":97,"minecraft:stone_sword":1,"minecraft:raw_copper":4,"minecraft:beetroot":7,"minecraft:rotten_flesh":31,"minecraft:iron_boots":2,"minecraft:oak_planks":1,"minecraft:cooked_mutton":6,"minecraft:azure_bluet":1,"minecraft:white_bed":1,"minecraft:carrot":4,"minecraft:filled_map":2,"minecraft:shield":1,"alexscaves:cooked_radgill":1,"minecraft:bundle":1,"minecraft:iron_chestplate":4,"minecraft:beetroot_seeds":17,"minecraft:yellow_bed":1,"spelunkers_charm:rock":5,"minecraft:leather_boots":1,"minecraft:oak_sapling":3,"minecraft:ladder":1,"minecraft:stone_bricks":6,"minecraft:arrow":4,"minecraft:magenta_dye":3,"minecraft:stone_pickaxe":3,"minecraft:calcite":3,"minecraft:magma_block":41,"minecraft:cooked_rabbit":2,"minecraft:stone_brick_stairs":3,"biomesoplenty:tall_lavender":2,"minecraft:egg":2},"minecraft:custom":{"minecraft:interact_with_smithing_table":1,"minecraft:mob_kills":112,"minecraft:interact_with_crafting_table":43,"minecraft:open_barrel":33,"minecraft:eat_cake_slice":2,"minecraft:leave_game":5,"minecraft:time_since_death":179897,"minecraft:climb_one_cm":2932,"minecraft:sprint_one_cm":1021160,"minecraft:walk_one_cm":643804,"minecraft:damage_blocked_by_shield":2235,"minecraft:drop":121,"minecraft:talked_to_villager":4,"minecraft:play_time":304338,"minecraft:deaths":4,"minecraft:sneak_time":4187,"minecraft:walk_under_water_one_cm":43971,"minecraft:jump":3135,"minecraft:interact_with_blast_furnace":18,"minecraft:walk_on_water_one_cm":50731,"minecraft:total_world_time":304338,"minecraft:interact_with_furnace":126,"minecraft:sleep_in_bed":16,"minecraft:time_since_rest":2008,"minecraft:damage_taken":4233,"minecraft:damage_dealt":16475,"minecraft:swim_one_cm":116107,"minecraft:fly_one_cm":515367,"minecraft:open_chest":108,"minecraft:crouch_one_cm":11077,"tombstone:undead_killed":50,"tombstone:villager_killed":1,"minecraft:interact_with_smoker":1,"minecraft:fall_one_cm":59233},"minecraft:crafted":{"minecraft:smooth_stone":5,"minecraft:oak_planks":34,"minecraft:coal":9,"comforts:sleeping_bag_white":1,"minecraft:cooked_chicken":8,"minecraft:furnace":3,"minecraft:blast_furnace":1,"minecraft:stone":3,"minecraft:cooked_mutton":15,"minecraft:iron_boots":1,"minecraft:stone_pickaxe":1,"minecraft:magenta_dye":3,"minecraft:cooked_beef":51,"sophisticatedbackpacks:backpack":1,"minecraft:cooked_porkchop":2,"minecraft:crafting_table":5,"minecraft:wooden_pickaxe":1,"minecraft:baked_potato":32,"minecraft:iron_sword":2,"minecraft:stone_axe":1,"minecraft:bread":61,"minecraft:air":395,"minecraft:diamond_pickaxe":1,"minecraft:shield":2,"minecraft:stick":28,"minecraft:iron_ingot":33,"minecraft:stone_sword":1,"minecraft:gold_ingot":14,"minecraft:white_bed":1,"minecraft:torch":24},"minecraft:killed_by":{"undead_revamp2:the_moonflower":1,"minecraft:skeleton":3},"minecraft:picked_up":{"minecraft:crafting_table":8,"minecraft:seagrass":1,"minecraft:iron_chestplate":5,"minecraft:allium":1,"minecraft:wheat":278,"minecraft:azure_bluet":1,"minecraft:chicken":8,"minecraft:ladder":1,"minecraft:anvil":1,"minecraft:cooked_rabbit":2,"minecraft:stone_brick_stairs":3,"minecraft:brewing_stand":1,"minecraft:shield":1,"minecraft:raw_copper":4,"minecraft:string":18,"minecraft:cooked_salmon":3,"minecraft:iron_leggings":3,"minecraft:item_frame":1,"biomesoplenty:tall_lavender":2,"minecraft:compass":2,"minecraft:experience_bottle":2,"minecraft:beetroot":7,"minecraft:cobbled_deepslate":102,"minecraft:smooth_stone":1,"comforts:sleeping_bag_white":4,"minecraft:beef":53,"minecraft:rose_bush":1,"minecraft:calcite":3,"minecraft:player_head":6,"minecraft:iron_pickaxe":4,"minecraft:light_gray_wool":1,"minecraft:melon_slice":44,"minecraft:coal_block":9,"minecraft:chest":1,"minecraft:furnace":3,"minecraft:egg":2,"minecraft:iron_boots":2,"minecraft:raw_iron":27,"minecraft:stick":5,"minecraft:stone":1,"minecraft:torch":21,"minecraft:porkchop":24,"tombstone:grave_dust":6,"minecraft:carrot":65,"minecraft:arrow":5,"minecraft:rotten_flesh":31,"minecraft:cooked_cod":4,"minecraft:beetroot_seeds":17,"minecraft:pumpkin_pie":2,"minecraft:hay_block":41,"minecraft:carved_pumpkin":2,"minecraft:saddle":1,"minecraft:gold_ingot":7,"minecraft:mutton":12,"minecraft:white_wool":9,"minecraft:cobblestone":42,"minecraft:magma_block":41,"minecraft:feather":12,"minecraft:lilac":1,"minecraft:leather":34,"minecraft:potato":32,"minecraft:filled_map":2,"minecraft:oak_log":36,"minecraft:yellow_bed":6,"minecraft:dirt":72,"minecraft:paper":1,"minecraft:lantern":5,"minecraft:leather_boots":1,"minecraft:coast_armor_trim_smithing_template":1,"minecraft:bone":4,"undead_revamp2:blacpetalblock":2,"minecraft:stone_bricks":9,"minecraft:cooked_chicken":3,"minecraft:wheat_seeds":318,"minecraft:raw_gold":12,"minecraft:heart_of_the_sea":1,"minecraft:iron_ingot":5,"minecraft:stone_pickaxe":2,"tombstone:bag_of_seeds":1,"minecraft:iron_sword":3,"minecraft:oak_planks":1,"biomesoplenty:toadstool":3,"minecraft:cooked_porkchop":5,"minecraft:sand":13,"minecraft:blast_furnace":1,"minecraft:white_bed":2,"minecraft:bundle":1,"alexscaves:cooked_radgill":1,"minecraft:diamond":13,"minecraft:stone_axe":1,"minecraft:chainmail_leggings":1,"minecraft:bread":5,"minecraft:emerald":3,"immersive_armors:divine_helmet":1,"minecraft:oak_sapling":3,"spelunkers_charm:rock":5,"minecraft:coal":42,"minecraft:sunflower":3},"minecraft:mined":{"minecraft:white_bed":3,"minecraft:deepslate_diamond_ore":13,"minecraft:brewing_stand":1,"minecraft:glow_lichen":1,"minecraft:allium":1,"biomesoplenty:bush":13,"minecraft:grass_block":38,"minecraft:stone_brick_wall":4,"minecraft:white_stained_glass":1,"minecraft:coal_block":9,"minecraft:spawner":3,"spelunkers_charm:deepslate_geyser_lava":2,"minecraft:hay_block":42,"minecraft:magma_block":111,"biomesoplenty:tall_lavender":2,"minecraft:oak_trapdoor":1,"minecraft:furnace":3,"minecraft:carrots":24,"biomesoplenty:toadstool":3,"minecraft:cobbled_deepslate":9,"minecraft:iron_ore":25,"minecraft:fire":14,"minecraft:black_carpet":1,"spelunkers_charm:deepslate_rock_pile_2":1,"minecraft:anvil":1,"minecraft:azure_bluet":1,"minecraft:potatoes":11,"minecraft:deepslate_iron_ore":2,"minecraft:dirt_path":22,"minecraft:oak_stairs":2,"minecraft:lantern":1,"minecraft:stone":43,"minecraft:glass_pane":1,"minecraft:blackstone":12,"minecraft:torch":5,"minecraft:crafting_table":8,"minecraft:blast_furnace":1,"minecraft:calcite":3,"minecraft:melon":9,"minecraft:chest":5,"spelunkers_charm:rock_pile_2":1,"minecraft:copper_ore":1,"minecraft:cobblestone":2,"minecraft:tall_grass":1,"spelunkers_charm:deepslate_geyser":1,"minecraft:deepslate_gold_ore":12,"minecraft:oak_planks":3,"minecraft:wall_torch":9,"minecraft:black_stained_glass":3,"spelunkers_charm:rock_pile_3":1,"minecraft:wheat":304,"minecraft:lilac":1,"minecraft:yellow_bed":5,"minecraft:stone_brick_stairs":4,"minecraft:grass":18,"minecraft:oak_log":41,"minecraft:coal_ore":43,"minecraft:beetroots":7,"minecraft:gravel":12,"minecraft:sand":16,"minecraft:dirt":19,"minecraft:cobweb":14,"minecraft:smooth_basalt":1,"minecraft:cracked_stone_bricks":2,"minecraft:stone_bricks":18,"minecraft:deepslate":77,"minecraft:oak_leaves":38,"biomesoplenty:reed":3,"minecraft:fern":3},"minecraft:broken":{"minecraft:iron_sword":1,"minecraft:iron_pickaxe":1},"minecraft:used":{"minecraft:stone_sword":133,"minecraft:flint_and_steel":3,"minecraft:carved_pumpkin":2,"minecraft:shield":33,"minecraft:iron_sword":300,"minecraft:cooked_salmon":2,"minecraft:cooked_chicken":2,"minecraft:torch":70,"minecraft:dirt":61,"minecraft:stone_bricks":3,"minecraft:item_frame":1,"minecraft:furnace":4,"comforts:sleeping_bag_white":4,"tombstone:gift":2,"minecraft:cooked_beef":1,"minecraft:cobbled_deepslate":5,"minecraft:cooked_mutton":6,"minecraft:stone_pickaxe":17,"minecraft:oak_planks":3,"minecraft:wooden_pickaxe":4,"minecraft:sand":13,"minecraft:blast_furnace":1,"minecraft:crafting_table":11,"minecraft:white_bed":2,"minecraft:cod":1,"minecraft:diamond_pickaxe":5,"minecraft:bread":64,"minecraft:iron_pickaxe":426,"biomesoplenty:toadstool":2,"minecraft:stone_axe":117,"minecraft:cobblestone":3,"minecraft:cooked_porkchop":2,"minecraft:pumpkin_pie":1,"minecraft:yellow_bed":5,"minecraft:cobweb":13,"minecraft:experience_bottle":2}},"DataVersion":3465}