{"stats":{"minecraft:killed_by":{"undead_revamp2:the_moonflower":1,"minecraft:pillager":1,"undead_revamp2:clogger":1,"minecraft:vindicator":2,"minecraft:zombie":1,"minecraft:skeleton":3},"minecraft:used":{"minecraft:shield":49,"minecraft:iron_sword":483,"alexscaves:cooked_lanternfish":1,"minecraft:stone_bricks":3,"minecraft:item_frame":1,"minecraft:furnace":4,"minecraft:cooked_cod":4,"minecraft:stone_pickaxe":17,"minecraft:oak_planks":15,"minecraft:wooden_pickaxe":4,"minecraft:glow_berries":13,"minecraft:sand":13,"minecraft:blast_furnace":1,"minecraft:melon_slice":23,"minecraft:bread":124,"alexscaves:tripodfish":1,"alexscaves:lanternfish":1,"minecraft:cobweb":13,"minecraft:experience_bottle":2,"minecraft:stone_sword":133,"minecraft:flint_and_steel":4,"minecraft:carved_pumpkin":2,"minecraft:cooked_salmon":3,"minecraft:cooked_chicken":2,"minecraft:torch":89,"minecraft:spyglass":33,"minecraft:dirt":66,"alexscaves:cooked_tripodfish":1,"minecraft:spruce_stairs":1,"minecraft:iron_axe":41,"minecraft:beef":4,"tombstone:gift":4,"comforts:sleeping_bag_white":14,"minecraft:cooked_beef":1,"minecraft:cobbled_deepslate":5,"minecraft:cooked_mutton":6,"minecraft:water_bucket":2,"minecraft:oak_slab":2,"minecraft:tnt":1,"minecraft:crafting_table":14,"minecraft:white_bed":2,"minecraft:cod":1,"alexscaves:cooked_radgill":1,"minecraft:diamond_pickaxe":113,"minecraft:apple":5,"minecraft:iron_pickaxe":426,"biomesoplenty:toadstool":2,"minecraft:stone_axe":117,"minecraft:cobblestone":31,"minecraft:cooked_porkchop":2,"minecraft:bucket":3,"minecraft:pumpkin_pie":1,"minecraft:yellow_bed":5},"minecraft:crafted":{"minecraft:oak_planks":34,"minecraft:smooth_stone":5,"minecraft:cooked_chicken":12,"minecraft:stone":3,"minecraft:cooked_mutton":22,"minecraft:iron_boots":1,"minecraft:chest":1,"minecraft:magenta_dye":3,"ironbows:emerald_bow":1,"sophisticatedbackpacks:backpack":2,"minecraft:cooked_porkchop":17,"minecraft:crafting_table":5,"minecraft:wooden_pickaxe":1,"spelunkers_charm:candle_helmet":2,"minecraft:baked_potato":42,"minecraft:sticky_piston":1,"sophisticatedbackpacks:feeding_upgrade":1,"sophisticatedbackpacks:upgrade_base":2,"minecraft:iron_chestplate":2,"minecraft:diamond_pickaxe":1,"minecraft:shield":2,"minecraft:stick":28,"minecraft:light_blue_dye":1,"minecraft:iron_ingot":40,"minecraft:stone_sword":1,"minecraft:gold_ingot":14,"minecraft:golden_carrot":2,"minecraft:coal":9,"minecraft:iron_nugget":1,"comforts:sleeping_bag_white":1,"minecraft:furnace":3,"minecraft:blast_furnace":1,"minecraft:piston":1,"minecraft:candle":2,"comforts:sleeping_bag_light_blue":1,"minecraft:iron_axe":1,"minecraft:stone_pickaxe":1,"minecraft:glistering_melon_slice":1,"sophisticatedbackpacks:iron_backpack":1,"minecraft:cooked_beef":56,"minecraft:iron_sword":2,"sophisticatedbackpacks:gold_backpack":1,"minecraft:bucket":1,"minecraft:stone_axe":1,"minecraft:bread":105,"minecraft:air":475,"sophisticatedbackpacks:pickup_upgrade":1,"minecraft:gold_nugget":2,"minecraft:white_bed":2,"minecraft:torch":24},"minecraft:picked_up":{"minecraft:seagrass":3,"minecraft:iron_chestplate":5,"minecraft:wheat":280,"minecraft:anvil":1,"minecraft:oak_stairs":4,"minecraft:enchanted_book":1,"minecraft:stone_brick_stairs":3,"minecraft:brewing_stand":1,"minecraft:string":26,"minecraft:raw_copper":4,"minecraft:cooked_salmon":4,"minecraft:smooth_stone_slab":1,"minecraft:iron_leggings":3,"biomesoplenty:tall_lavender":2,"minecraft:experience_bottle":2,"minecraft:beetroot":7,"minecraft:cobbled_deepslate":102,"minecraft:smooth_stone":1,"comforts:sleeping_bag_white":10,"minecraft:spruce_planks":4,"minecraft:rose_bush":1,"minecraft:calcite":3,"minecraft:iron_pickaxe":4,"minecraft:melon_slice":44,"minecraft:coal_block":9,"minecraft:furnace":3,"minecraft:iron_boots":2,"minecraft:tipped_arrow":2,"minecraft:stick":5,"minecraft:torch":27,"minecraft:spruce_stairs":4,"minecraft:porkchop":39,"tombstone:grave_dust":7,"minecraft:rabbit_foot":1,"minecraft:rotten_flesh":32,"minecraft:carved_pumpkin":2,"minecraft:cod":3,"minecraft:cobblestone":74,"minecraft:birch_log":2,"minecraft:magma_block":41,"minecraft:feather":17,"minecraft:lilac":1,"minecraft:brown_wool":1,"minecraft:potato":32,"alexscaves:lanternfish":1,"minecraft:dirt":81,"minecraft:lantern":5,"minecraft:leather_boots":1,"minecraft:bone":15,"undead_revamp2:blacpetalblock":2,"minecraft:bow":3,"minecraft:wheat_seeds":320,"minecraft:raw_gold":12,"minecraft:oak_planks":10,"minecraft:honeycomb":5,"biomesoplenty:toadstool":3,"minecraft:cooked_porkchop":5,"minecraft:sand":13,"comforts:sleeping_bag_cyan":1,"minecraft:bundle":1,"alexscaves:cooked_radgill":4,"minecraft:diamond":13,"minecraft:emerald":5,"minecraft:bread":6,"biomesoplenty:pink_daffodil":1,"immersive_armors:divine_helmet":1,"minecraft:oak_sapling":3,"minecraft:crafting_table":9,"minecraft:allium":2,"minecraft:azure_bluet":1,"minecraft:chicken":12,"minecraft:ladder":2,"minecraft:cooked_rabbit":3,"minecraft:shield":1,"minecraft:item_frame":1,"minecraft:compass":2,"graveyard:corruption":3,"minecraft:beef":63,"minecraft:player_head":6,"minecraft:iron_nugget":5,"minecraft:light_gray_wool":1,"minecraft:chest":1,"minecraft:egg":2,"minecraft:raw_iron":34,"minecraft:stone":1,"minecraft:carrot":65,"minecraft:redstone":12,"alexscaves:tripodfish":1,"minecraft:arrow":5,"minecraft:cooked_cod":4,"minecraft:beetroot_seeds":17,"minecraft:pumpkin_pie":2,"minecraft:hay_block":41,"minecraft:saddle":1,"minecraft:gold_ingot":7,"minecraft:glow_berries":6,"minecraft:mutton":12,"minecraft:white_wool":13,"minecraft:salmon":1,"minecraft:leather":38,"minecraft:filled_map":2,"minecraft:oak_log":36,"minecraft:yellow_bed":6,"minecraft:paper":1,"tombstone:gift":1,"minecraft:coast_armor_trim_smithing_template":1,"minecraft:stone_bricks":9,"minecraft:heart_of_the_sea":1,"minecraft:iron_ingot":6,"minecraft:stone_pickaxe":2,"minecraft:cooked_chicken":3,"biomesoplenty:magic_log":5,"tombstone:bag_of_seeds":1,"minecraft:iron_sword":4,"minecraft:oak_slab":4,"minecraft:spyglass":1,"minecraft:blast_furnace":1,"minecraft:white_bed":2,"minecraft:leather_helmet":1,"minecraft:stone_axe":1,"minecraft:chainmail_leggings":1,"minecraft:iron_helmet":1,"minecraft:gray_wool":1,"tombstone:magic_scroll":1,"spelunkers_charm:rock":5,"minecraft:damaged_anvil":1,"minecraft:black_wool":1,"alexscaves:cooked_lanternfish":1,"minecraft:coal":74,"minecraft:sunflower":3,"minecraft:ender_pearl":3},"minecraft:killed":{"undead_revamp2:thewolf":1,"minecraft:witch":1,"minecraft:spider":2,"minecraft:skeleton":22,"minecraft:chicken":10,"minecraft:silverfish":4,"minecraft:turtle":2,"minecraft:skeleton_horse":1,"minecraft:cat":1,"minecraft:pig":19,"minecraft:sheep":8,"minecraft:pillager":4,"minecraft:zombie":31,"minecraft:stray":1,"minecraft:cow":29,"minecraft:vindicator":7,"minecraft:drowned":1,"undead_revamp2:the_moonflower":2,"minecraft:frog":1,"undead_revamp2:thesomnolence":1,"minecraft:villager":1},"minecraft:broken":{"minecraft:iron_sword":1,"minecraft:iron_pickaxe":1},"minecraft:mined":{"minecraft:spruce_planks":4,"minecraft:white_bed":3,"minecraft:brewing_stand":1,"minecraft:grass_block":53,"minecraft:stone_brick_wall":4,"minecraft:coal_block":9,"minecraft:spawner":4,"minecraft:magma_block":111,"biomesoplenty:tall_lavender":2,"minecraft:iron_ore":32,"minecraft:cobbled_deepslate":10,"minecraft:fire":32,"minecraft:pumpkin":1,"minecraft:black_carpet":1,"minecraft:anvil":1,"minecraft:azure_bluet":1,"minecraft:dirt_path":22,"minecraft:oak_stairs":7,"minecraft:blackstone":12,"minecraft:torch":10,"minecraft:blast_furnace":1,"minecraft:calcite":3,"minecraft:melon":9,"minecraft:chest":6,"spelunkers_charm:rock_pile_2":1,"minecraft:cobblestone":10,"spelunkers_charm:deepslate_geyser":1,"minecraft:oak_planks":14,"minecraft:wall_torch":10,"spelunkers_charm:rock_pile_3":1,"minecraft:wheat":304,"minecraft:lilac":1,"graveyard:skull_pile":1,"minecraft:stone_brick_stairs":4,"minecraft:smooth_stone_slab":3,"minecraft:grass":30,"minecraft:oak_log":41,"minecraft:beetroots":7,"minecraft:sand":16,"minecraft:dirt":32,"minecraft:smooth_basalt":1,"minecraft:oak_leaves":44,"minecraft:deepslate":77,"biomesoplenty:reed":4,"minecraft:crying_obsidian":3,"minecraft:deepslate_diamond_ore":13,"minecraft:glow_lichen":1,"biomesoplenty:bush":15,"minecraft:allium":1,"minecraft:jungle_planks":2,"minecraft:white_stained_glass":1,"minecraft:large_fern":4,"spelunkers_charm:deepslate_geyser_lava":2,"minecraft:hay_block":42,"minecraft:oak_trapdoor":1,"minecraft:furnace":3,"minecraft:carrots":24,"biomesoplenty:toadstool":3,"minecraft:andesite":1,"spelunkers_charm:deepslate_rock_pile_2":1,"minecraft:gold_block":2,"minecraft:potatoes":11,"minecraft:deepslate_iron_ore":2,"minecraft:lantern":1,"minecraft:stone":69,"minecraft:podzol":1,"minecraft:oak_slab":10,"minecraft:glass_pane":2,"minecraft:hanging_roots":2,"minecraft:brown_carpet":1,"minecraft:crafting_table":10,"minecraft:tall_grass":1,"minecraft:copper_ore":1,"biomesoplenty:sprout":3,"minecraft:deepslate_gold_ore":12,"minecraft:diorite":1,"minecraft:spruce_stairs":4,"minecraft:black_stained_glass":3,"biomesoplenty:blue_hydrangea":1,"minecraft:yellow_bed":5,"minecraft:coal_ore":78,"minecraft:gravel":12,"minecraft:cobweb":19,"minecraft:cracked_stone_bricks":2,"minecraft:stone_bricks":18,"minecraft:fern":4},"minecraft:custom":{"minecraft:interact_with_crafting_table":96,"minecraft:open_barrel":48,"minecraft:eat_cake_slice":2,"minecraft:leave_game":10,"minecraft:time_since_death":5581,"minecraft:sprint_one_cm":1721050,"minecraft:damage_blocked_by_shield":3525,"minecraft:drop":181,"minecraft:talked_to_villager":4,"minecraft:play_time":511916,"minecraft:deaths":9,"minecraft:jump":6218,"minecraft:walk_on_water_one_cm":109458,"minecraft:interact_with_furnace":210,"minecraft:sleep_in_bed":30,"minecraft:damage_dealt":23865,"minecraft:crouch_one_cm":16209,"tombstone:undead_killed":59,"tombstone:villager_killed":1,"minecraft:interact_with_smoker":1,"minecraft:interact_with_smithing_table":1,"minecraft:mob_kills":152,"minecraft:damage_dealt_resisted":28,"minecraft:climb_one_cm":4621,"minecraft:walk_one_cm":852332,"minecraft:sneak_time":6608,"minecraft:walk_under_water_one_cm":93996,"minecraft:boat_one_cm":51968,"minecraft:interact_with_blast_furnace":18,"minecraft:total_world_time":511916,"tombstone:raider_killed":12,"minecraft:time_since_rest":3845,"minecraft:damage_taken":8194,"minecraft:swim_one_cm":291762,"minecraft:fly_one_cm":1230907,"minecraft:open_chest":160,"minecraft:fall_one_cm":148754},"minecraft:dropped":{"minecraft:iron_sword":4,"biomesoplenty:pink_daffodil":1,"minecraft:oak_log":2,"immersive_armors:divine_helmet":1,"minecraft:crafting_table":1,"minecraft:cooked_porkchop":5,"minecraft:glow_berries":6,"minecraft:lantern":5,"minecraft:saddle":1,"minecraft:flint":4,"minecraft:dirt":16,"tombstone:bag_of_seeds":1,"minecraft:coast_armor_trim_smithing_template":1,"minecraft:seagrass":1,"minecraft:gold_nugget":1,"minecraft:pumpkin_pie":1,"minecraft:iron_pickaxe":3,"undead_revamp2:blacpetalblock":1,"minecraft:birch_log":2,"spelunkers_charm:candle_helmet":1,"minecraft:white_wool":4,"minecraft:bone":15,"minecraft:stone_axe":2,"minecraft:compass":2,"minecraft:iron_nugget":17,"minecraft:cobbled_deepslate":97,"minecraft:wheat":2,"minecraft:beetroot":7,"minecraft:rotten_flesh":32,"minecraft:oak_planks":2,"minecraft:cooked_mutton":6,"minecraft:azure_bluet":1,"minecraft:white_bed":1,"minecraft:carrot":4,"minecraft:rabbit_foot":1,"minecraft:tipped_arrow":2,"minecraft:beetroot_seeds":17,"spelunkers_charm:rock":5,"minecraft:leather_boots":1,"minecraft:ladder":2,"minecraft:arrow":4,"minecraft:stone_brick_stairs":3,"biomesoplenty:tall_lavender":2,"minecraft:egg":2,"minecraft:bread":4,"minecraft:oak_slab":2,"minecraft:wheat_seeds":320,"minecraft:iron_helmet":1,"minecraft:feather":11,"minecraft:cobblestone":2,"minecraft:spruce_stairs":3,"minecraft:stick":5,"minecraft:gray_wool":1,"minecraft:torch":3,"minecraft:rose_bush":1,"minecraft:brown_wool":1,"minecraft:cooked_salmon":1,"tombstone:grave_dust":6,"minecraft:iron_leggings":4,"minecraft:oak_stairs":4,"minecraft:chainmail_leggings":2,"minecraft:paper":1,"minecraft:string":4,"minecraft:player_head":6,"minecraft:stone_sword":1,"minecraft:raw_copper":4,"minecraft:smooth_stone_slab":1,"minecraft:iron_boots":2,"minecraft:damaged_anvil":1,"minecraft:filled_map":3,"minecraft:shield":3,"minecraft:allium":1,"alexscaves:cooked_radgill":1,"minecraft:spruce_planks":4,"minecraft:bundle":1,"minecraft:iron_chestplate":5,"minecraft:yellow_bed":1,"minecraft:oak_sapling":3,"minecraft:stone_bricks":6,"biomesoplenty:magic_log":5,"minecraft:bow":2,"minecraft:magenta_dye":3,"minecraft:stone_pickaxe":3,"minecraft:calcite":3,"minecraft:magma_block":41,"minecraft:cooked_rabbit":3,"minecraft:black_wool":1}},"DataVersion":3465}