{"stats":{"minecraft:killed_by":{"undead_revamp2:the_moonflower":1},"minecraft:used":{"minecraft:cooked_mutton":4,"minecraft:stone_sword":62,"minecraft:stone_pickaxe":17,"minecraft:wooden_pickaxe":4,"minecraft:cooked_chicken":2,"minecraft:dirt":22,"minecraft:sand":11,"minecraft:crafting_table":3,"minecraft:white_bed":2,"minecraft:iron_pickaxe":34,"minecraft:stone_bricks":3,"minecraft:item_frame":1,"minecraft:stone_axe":52,"minecraft:furnace":1,"tombstone:gift":1,"minecraft:experience_bottle":2},"minecraft:killed":{"minecraft:pig":5,"minecraft:sheep":6,"minecraft:chicken":2,"minecraft:villager":1,"minecraft:cow":10},"minecraft:picked_up":{"minecraft:iron_chestplate":2,"minecraft:crafting_table":2,"minecraft:wheat":127,"minecraft:feather":8,"minecraft:chicken":2,"minecraft:anvil":1,"minecraft:leather":11,"minecraft:oak_log":21,"minecraft:brewing_stand":1,"minecraft:string":1,"minecraft:dirt":22,"minecraft:paper":1,"minecraft:lantern":1,"minecraft:iron_leggings":3,"minecraft:item_frame":1,"minecraft:leather_boots":1,"biomesoplenty:tall_lavender":2,"minecraft:compass":2,"minecraft:experience_bottle":2,"minecraft:stone_bricks":3,"minecraft:wheat_seeds":27,"minecraft:iron_ingot":2,"minecraft:beef":21,"minecraft:stone_pickaxe":2,"minecraft:iron_pickaxe":1,"minecraft:light_gray_wool":1,"minecraft:coal_block":8,"minecraft:chest":1,"minecraft:oak_planks":1,"minecraft:iron_boots":1,"minecraft:egg":1,"minecraft:furnace":1,"minecraft:stick":5,"minecraft:cooked_porkchop":5,"minecraft:porkchop":11,"minecraft:sand":11,"minecraft:white_bed":1,"minecraft:chainmail_leggings":1,"minecraft:hay_block":24,"minecraft:saddle":1,"minecraft:gold_ingot":6,"minecraft:emerald":3,"minecraft:oak_sapling":1,"minecraft:mutton":9,"minecraft:coal":1,"minecraft:white_wool":6,"minecraft:cobblestone":16},"minecraft:dropped":{"minecraft:compass":2,"minecraft:wheat_seeds":27,"minecraft:oak_log":2,"minecraft:cooked_porkchop":5,"minecraft:feather":4,"minecraft:lantern":1,"minecraft:cooked_mutton":6,"minecraft:stick":5,"minecraft:leather_boots":1,"minecraft:oak_sapling":1,"minecraft:iron_leggings":1,"minecraft:stone_pickaxe":3,"minecraft:chainmail_leggings":2,"minecraft:paper":1,"biomesoplenty:tall_lavender":2,"minecraft:egg":1},"minecraft:mined":{"minecraft:white_bed":2,"minecraft:glass_pane":1,"minecraft:brewing_stand":1,"minecraft:crafting_table":2,"minecraft:stone_brick_wall":4,"minecraft:grass_block":9,"minecraft:chest":1,"minecraft:white_stained_glass":1,"minecraft:coal_block":8,"minecraft:oak_planks":1,"minecraft:wall_torch":1,"minecraft:hay_block":25,"minecraft:black_stained_glass":3,"biomesoplenty:tall_lavender":2,"minecraft:furnace":1,"minecraft:wheat":128,"minecraft:black_carpet":1,"minecraft:anvil":1,"minecraft:stone_brick_stairs":1,"minecraft:grass":8,"minecraft:oak_log":26,"minecraft:coal_ore":1,"minecraft:oak_stairs":2,"minecraft:lantern":1,"minecraft:sand":10,"minecraft:dirt":13,"minecraft:cobweb":1,"minecraft:stone_bricks":13,"minecraft:stone":16,"minecraft:oak_leaves":2},"minecraft:custom":{"minecraft:interact_with_smithing_table":1,"minecraft:interact_with_furnace":34,"minecraft:mob_kills":24,"minecraft:interact_with_crafting_table":11,"minecraft:open_barrel":2,"minecraft:eat_cake_slice":2,"minecraft:leave_game":2,"minecraft:time_since_death":98102,"minecraft:sleep_in_bed":3,"minecraft:climb_one_cm":2686,"minecraft:time_since_rest":544,"minecraft:sprint_one_cm":318614,"minecraft:damage_taken":338,"minecraft:walk_one_cm":221232,"minecraft:drop":21,"minecraft:damage_dealt":2250,"minecraft:swim_one_cm":13450,"minecraft:talked_to_villager":2,"minecraft:fly_one_cm":121430,"minecraft:open_chest":24,"minecraft:crouch_one_cm":1543,"minecraft:play_time":109835,"minecraft:deaths":1,"minecraft:sneak_time":839,"minecraft:walk_under_water_one_cm":8566,"tombstone:villager_killed":1,"minecraft:jump":728,"minecraft:interact_with_blast_furnace":2,"minecraft:walk_on_water_one_cm":8955,"minecraft:total_world_time":109835,"minecraft:fall_one_cm":8822},"minecraft:crafted":{"minecraft:cooked_beef":19,"minecraft:oak_planks":19,"minecraft:crafting_table":2,"minecraft:wooden_pickaxe":1,"minecraft:cooked_chicken":2,"minecraft:furnace":1,"minecraft:stone_axe":1,"minecraft:bread":13,"minecraft:cooked_mutton":12,"minecraft:air":104,"minecraft:stick":3,"minecraft:stone_pickaxe":1,"minecraft:stone_sword":1,"minecraft:white_bed":1}},"DataVersion":3465}