{"stats":{"minecraft:killed_by":{"minecraft:skeleton":1},"minecraft:used":{"minecraft:carved_pumpkin":1,"minecraft:armor_stand":2,"minecraft:shield":4,"minecraft:iron_sword":98,"minecraft:player_head":1,"minecraft:cooked_chicken":2,"minecraft:dirt":10,"minecraft:chainmail_chestplate":1,"minecraft:lantern":3,"tombstone:gift":1,"minecraft:stone_pressure_plate":1,"minecraft:cooked_beef":2,"minecraft:water_bucket":2,"minecraft:stone_pickaxe":172,"minecraft:wooden_pickaxe":23,"minecraft:chainmail_helmet":1,"minecraft:glow_berries":6,"minecraft:crafting_table":5,"minecraft:white_bed":3,"minecraft:bread":15,"minecraft:stone_button":1,"minecraft:iron_pickaxe":22,"minecraft:cobblestone":17,"minecraft:chainmail_boots":1,"minecraft:bucket":2,"minecraft:andesite":1,"minecraft:experience_bottle":1,"minecraft:chainmail_leggings":1},"minecraft:broken":{"minecraft:stone_pickaxe":1},"minecraft:killed":{"minecraft:dolphin":1,"minecraft:skeleton":4,"minecraft:chicken":4,"minecraft:silverfish":3,"minecraft:pig":13,"minecraft:creeper":1,"minecraft:sheep":4,"minecraft:zombie":3,"minecraft:villager":1,"minecraft:cow":12},"minecraft:picked_up":{"minecraft:charcoal":8,"minecraft:crafting_table":1,"minecraft:iron_chestplate":1,"minecraft:wheat":92,"minecraft:chicken":3,"minecraft:enchanted_book":1,"minecraft:brewing_stand":1,"minecraft:red_bed":4,"minecraft:iron_leggings":1,"minecraft:armor_stand":2,"minecraft:zombie_head":2,"minecraft:experience_bottle":1,"minecraft:beef":22,"minecraft:player_head":4,"minecraft:iron_pickaxe":1,"minecraft:sugar_cane":39,"minecraft:coal_block":16,"minecraft:iron_boots":1,"minecraft:egg":2,"minecraft:raw_iron":21,"minecraft:stick":2,"minecraft:jukebox":1,"minecraft:porkchop":26,"minecraft:stone_button":1,"minecraft:carrot":1,"minecraft:stone_pressure_plate":2,"minecraft:arrow":4,"minecraft:pumpkin_pie":2,"minecraft:hay_block":32,"minecraft:iron_block":1,"minecraft:carved_pumpkin":2,"minecraft:rail":1,"minecraft:skeleton_skull":1,"minecraft:mutton":10,"minecraft:cobblestone":75,"minecraft:white_wool":5,"minecraft:feather":3,"minecraft:andesite":69,"minecraft:leather":17,"minecraft:potato":9,"minecraft:oak_log":17,"minecraft:dirt":16,"minecraft:lantern":4,"minecraft:bone":3,"minecraft:chipped_anvil":1,"minecraft:wheat_seeds":258,"minecraft:iron_ingot":4,"minecraft:rabbit":2,"minecraft:oak_planks":6,"minecraft:iron_sword":1,"minecraft:cooked_porkchop":14,"minecraft:stone_brick_slab":1,"minecraft:dandelion":1,"minecraft:white_bed":5,"alexscaves:cooked_radgill":3,"minecraft:iron_helmet":3,"minecraft:oak_sapling":3,"minecraft:damaged_anvil":1,"minecraft:black_wool":1,"minecraft:coal":27},"minecraft:dropped":{"minecraft:iron_sword":1,"minecraft:wheat_seeds":258,"minecraft:cooked_porkchop":5,"minecraft:iron_helmet":2,"minecraft:lantern":1,"minecraft:rail":1,"minecraft:dirt":6,"tombstone:grave_dust":1,"minecraft:pumpkin_pie":2,"minecraft:string":2,"minecraft:stone_brick_slab":1,"minecraft:dandelion":1,"minecraft:player_head":3,"minecraft:wheat":1,"minecraft:chicken":1,"minecraft:rotten_flesh":1,"alexscaves:cooked_radgill":1,"minecraft:andesite":68,"minecraft:carved_pumpkin":1,"minecraft:stone_pressure_plate":1,"minecraft:wooden_pickaxe":1,"minecraft:stone_pickaxe":1,"minecraft:black_wool":1},"minecraft:custom":{"minecraft:mob_kills":46,"minecraft:interact_with_crafting_table":12,"minecraft:open_barrel":13,"minecraft:leave_game":1,"minecraft:time_since_death":66932,"minecraft:climb_one_cm":4015,"minecraft:sprint_one_cm":208008,"minecraft:walk_one_cm":363349,"minecraft:damage_blocked_by_shield":270,"minecraft:drop":39,"minecraft:talked_to_villager":2,"minecraft:play_time":103834,"minecraft:deaths":2,"minecraft:sneak_time":2630,"minecraft:walk_under_water_one_cm":5994,"minecraft:jump":1320,"minecraft:walk_on_water_one_cm":13860,"minecraft:total_world_time":103834,"minecraft:interact_with_furnace":45,"minecraft:sleep_in_bed":4,"minecraft:time_since_rest":10648,"minecraft:damage_taken":1480,"minecraft:damage_dealt":4630,"minecraft:swim_one_cm":12869,"minecraft:fly_one_cm":261411,"minecraft:open_chest":18,"minecraft:crouch_one_cm":9861,"tombstone:undead_killed":7,"tombstone:villager_killed":1,"minecraft:interact_with_smoker":2,"minecraft:fall_one_cm":32905},"minecraft:mined":{"minecraft:stone_pressure_plate":1,"minecraft:white_bed":5,"minecraft:brewing_stand":1,"minecraft:grass_block":2,"minecraft:coal_block":16,"minecraft:hay_block":32,"minecraft:iron_ore":21,"minecraft:fire":6,"minecraft:andesite":35,"minecraft:rail":1,"minecraft:lantern":1,"minecraft:stone":75,"minecraft:iron_block":1,"minecraft:player_head":2,"minecraft:red_bed":4,"minecraft:crafting_table":1,"minecraft:campfire":4,"minecraft:tall_grass":2,"minecraft:oak_planks":6,"minecraft:sugar_cane":14,"minecraft:damaged_anvil":1,"minecraft:skeleton_skull":1,"minecraft:wheat":92,"minecraft:jukebox":1,"minecraft:birch_leaves":1,"minecraft:grass":4,"minecraft:coal_ore":27,"minecraft:oak_log":17,"minecraft:sand":1,"minecraft:dirt":10,"minecraft:chipped_anvil":1,"minecraft:oak_leaves":4},"minecraft:crafted":{"minecraft:oak_planks":17,"minecraft:cooked_chicken":2,"minecraft:cooked_mutton":1,"minecraft:stone_pickaxe":2,"minecraft:chest":1,"sophisticatedbackpacks:iron_backpack":1,"minecraft:wheat":23,"minecraft:cooked_beef":23,"sophisticatedbackpacks:backpack":1,"minecraft:cooked_porkchop":9,"minecraft:crafting_table":4,"minecraft:wooden_pickaxe":1,"minecraft:iron_sword":2,"minecraft:bread":99,"minecraft:air":521,"minecraft:shield":1,"minecraft:stick":17,"minecraft:iron_ingot":22,"minecraft:iron_pickaxe":1,"minecraft:torch":15}},"DataVersion":3465}