{"stats":{"minecraft:killed":{"minecraft:spider":4,"undead_revamp2:thesmoker":2,"minecraft:dolphin":1,"minecraft:skeleton":18,"minecraft:chicken":10,"minecraft:silverfish":3,"minecraft:pig":14,"undead_revamp2:theheavy":1,"minecraft:creeper":1,"minecraft:sheep":4,"undead_revamp2:thebidyupside":1,"minecraft:pillager":2,"minecraft:zombie":20,"minecraft:stray":5,"minecraft:cow":13,"graveyard:nightmare":1,"minecraft:vindicator":3,"undead_revamp2:the_moonflower":2,"minecraft:squid":2,"minecraft:villager":1},"minecraft:dropped":{"minecraft:iron_sword":2,"minecraft:porkchop":1,"minecraft:diamond":4,"minecraft:cooked_porkchop":5,"minecraft:pitcher_pod":1,"minecraft:lantern":5,"minecraft:rail":6,"minecraft:cod":3,"minecraft:dirt":6,"minecraft:stone_button":3,"minecraft:cornflower":1,"minecraft:cooked_cod":4,"minecraft:pumpkin_pie":2,"minecraft:iron_pickaxe":1,"undead_revamp2:blacpetalblock":1,"spelunkers_charm:candle_helmet":2,"ironbows:iron_bow":2,"minecraft:white_wool":2,"minecraft:gold_ingot":1,"minecraft:gravel":27,"biomesoplenty:toadstool":2,"minecraft:cooked_chicken":3,"minecraft:wheat":5,"undead_revamp2:arapholia":1,"minecraft:rotten_flesh":1,"minecraft:cooked_mutton":9,"minecraft:salmon":1,"minecraft:beetroot_seeds":3,"alexscaves:cooked_lanternfish":1,"minecraft:ladder":1,"minecraft:chest":2,"comforts:sleeping_bag_white":1,"minecraft:beef":2,"minecraft:wheat_seeds":267,"minecraft:golden_helmet":1,"minecraft:iron_helmet":2,"minecraft:cobblestone":2,"minecraft:tropical_fish":2,"immersive_armors:warrior_chestplate":1,"minecraft:diorite":11,"minecraft:torch":12,"minecraft:rose_bush":1,"minecraft:cooked_salmon":4,"tombstone:grave_dust":1,"minecraft:iron_leggings":3,"minecraft:iron_axe":1,"alexscaves:lanternfish":1,"minecraft:string":2,"alexscaves:tripodfish":1,"minecraft:bucket":2,"minecraft:dandelion":1,"minecraft:stone_brick_slab":1,"minecraft:smooth_basalt":1,"minecraft:redstone":1,"minecraft:player_head":3,"minecraft:smooth_stone_slab":1,"minecraft:tuff":7,"minecraft:raw_iron":7,"minecraft:chicken":4,"minecraft:iron_boots":3,"minecraft:pumpkin_seeds":3,"minecraft:filled_map":2,"minecraft:stone":1,"minecraft:shield":1,"minecraft:flower_pot":1,"alexscaves:cooked_radgill":4,"minecraft:bundle":5,"minecraft:andesite":68,"minecraft:carved_pumpkin":1,"minecraft:stone_pressure_plate":1,"minecraft:stone_bricks":1,"minecraft:magenta_dye":2,"minecraft:stone_pickaxe":1,"minecraft:wooden_pickaxe":1,"minecraft:calcite":5,"minecraft:cooked_rabbit":2,"minecraft:black_wool":1},"minecraft:custom":{"minecraft:interact_with_crafting_table":51,"minecraft:open_barrel":32,"minecraft:leave_game":4,"minecraft:time_since_death":30498,"minecraft:sprint_one_cm":529154,"minecraft:damage_blocked_by_shield":7600,"minecraft:drop":159,"minecraft:talked_to_villager":2,"minecraft:play_time":311834,"minecraft:deaths":7,"minecraft:jump":4407,"minecraft:walk_on_water_one_cm":117921,"minecraft:interact_with_furnace":145,"minecraft:play_record":1,"minecraft:sleep_in_bed":18,"minecraft:damage_dealt":17769,"minecraft:crouch_one_cm":41904,"tombstone:undead_killed":48,"tombstone:villager_killed":1,"minecraft:interact_with_smoker":2,"minecraft:mob_kills":110,"minecraft:damage_dealt_resisted":957,"minecraft:climb_one_cm":4279,"minecraft:walk_one_cm":868932,"minecraft:sneak_time":14114,"minecraft:walk_under_water_one_cm":92032,"minecraft:interact_with_blast_furnace":3,"minecraft:total_world_time":311834,"tombstone:raider_killed":5,"minecraft:time_since_rest":11874,"minecraft:damage_taken":7217,"minecraft:swim_one_cm":275747,"minecraft:fly_one_cm":720462,"minecraft:open_chest":122,"minecraft:fall_one_cm":108888},"minecraft:crafted":{"minecraft:black_dye":5,"minecraft:oak_planks":33,"minecraft:cooked_chicken":5,"minecraft:cooked_mutton":9,"minecraft:quartz_block":4,"minecraft:bow":1,"minecraft:iron_boots":1,"minecraft:chest":3,"minecraft:magenta_dye":2,"minecraft:cooked_rabbit":2,"sophisticatedbackpacks:backpack":1,"minecraft:cooked_porkchop":29,"minecraft:crafting_table":5,"minecraft:spruce_planks":7,"minecraft:wooden_pickaxe":1,"minecraft:shield":6,"sophisticatedbackpacks:diamond_backpack":1,"minecraft:stick":28,"minecraft:iron_ingot":113,"minecraft:iron_pickaxe":2,"minecraft:gold_ingot":28,"comforts:sleeping_bag_red":1,"minecraft:iron_nugget":4,"comforts:sleeping_bag_white":1,"minecraft:furnace":3,"ironbows:iron_bow":1,"minecraft:iron_axe":1,"minecraft:stone_pickaxe":2,"minecraft:wheat":47,"sophisticatedbackpacks:iron_backpack":1,"minecraft:cooked_beef":31,"minecraft:coal_block":7,"minecraft:red_dye":1,"minecraft:iron_sword":2,"minecraft:cooked_salmon":1,"sophisticatedbackpacks:gold_backpack":1,"minecraft:bread":172,"minecraft:air":924,"minecraft:iron_shovel":1,"minecraft:torch":28},"minecraft:killed_by":{"undead_revamp2:clogger":1,"minecraft:vindicator":3,"minecraft:skeleton":1},"minecraft:picked_up":{"minecraft:iron_chestplate":1,"minecraft:wheat":97,"minecraft:flower_pot":1,"minecraft:oak_stairs":2,"minecraft:enchanted_book":1,"minecraft:stone_brick_stairs":3,"minecraft:brewing_stand":3,"minecraft:amethyst_block":38,"minecraft:string":7,"minecraft:raw_copper":11,"minecraft:smooth_stone_slab":1,"minecraft:iron_leggings":4,"minecraft:armor_stand":2,"minecraft:zombie_head":3,"minecraft:experience_bottle":1,"minecraft:cobbled_deepslate":139,"minecraft:bucket":1,"comforts:sleeping_bag_white":1,"minecraft:rose_bush":1,"minecraft:calcite":5,"minecraft:iron_pickaxe":3,"minecraft:coal_block":19,"minecraft:iron_boots":4,"minecraft:furnace":2,"minecraft:tipped_arrow":2,"minecraft:golden_helmet":1,"minecraft:stick":5,"minecraft:jukebox":1,"minecraft:torch":33,"minecraft:porkchop":27,"tombstone:grave_dust":3,"minecraft:diorite":18,"minecraft:rotten_flesh":43,"minecraft:tropical_fish":1,"minecraft:iron_block":1,"minecraft:carved_pumpkin":2,"undead_revamp2:arapholia":1,"minecraft:cobblestone":214,"minecraft:feather":12,"minecraft:lilac":1,"minecraft:andesite":89,"minecraft:potato":9,"biomesoplenty:fir_log":25,"minecraft:flint":3,"minecraft:tuff":21,"minecraft:dirt":39,"minecraft:lantern":16,"minecraft:bone":32,"minecraft:chipped_anvil":1,"undead_revamp2:blacpetalblock":1,"minecraft:wheat_seeds":264,"minecraft:raw_gold":17,"minecraft:rabbit":2,"minecraft:pitcher_pod":1,"minecraft:oak_planks":12,"ironbows:iron_bow":1,"biomesoplenty:toadstool":1,"minecraft:cooked_porkchop":17,"minecraft:sand":33,"minecraft:ink_sac":5,"minecraft:lily_of_the_valley":1,"undead_revamp2:heavytooth":1,"minecraft:bundle":5,"alexscaves:cooked_radgill":3,"minecraft:diamond":8,"minecraft:granite":16,"minecraft:emerald":1,"minecraft:oak_sapling":7,"minecraft:chorus_fruit":1,"minecraft:charcoal":8,"minecraft:crafting_table":8,"minecraft:chicken":9,"minecraft:ladder":1,"minecraft:cooked_rabbit":1,"minecraft:shield":1,"minecraft:cornflower":1,"minecraft:red_bed":4,"minecraft:iron_axe":1,"graveyard:corruption":3,"minecraft:cracked_stone_bricks":1,"minecraft:beef":24,"minecraft:player_head":4,"minecraft:poppy":1,"minecraft:sugar_cane":39,"minecraft:chest":3,"minecraft:egg":2,"minecraft:raw_iron":97,"minecraft:stone":1,"minecraft:stone_button":4,"minecraft:carrot":1,"minecraft:redstone":46,"minecraft:stone_pressure_plate":2,"minecraft:arrow":30,"minecraft:beetroot_seeds":3,"minecraft:pumpkin_pie":2,"minecraft:hay_block":47,"comforts:sleeping_bag_red":3,"immersive_armors:warrior_chestplate":1,"minecraft:saddle":1,"minecraft:white_wool":5,"minecraft:skeleton_skull":3,"minecraft:rail":6,"minecraft:mutton":10,"minecraft:leather":17,"minecraft:filled_map":2,"spelunkers_charm:candle_helmet":2,"spelunkers_charm:old_miners_bundle":1,"minecraft:oak_log":21,"minecraft:coast_armor_trim_smithing_template":1,"minecraft:iron_ingot":29,"tombstone:bag_of_seeds":1,"minecraft:iron_sword":1,"minecraft:book":112,"minecraft:smooth_basalt":1,"minecraft:stone_brick_slab":1,"minecraft:quartz":16,"minecraft:dandelion":2,"minecraft:gravel":27,"minecraft:amethyst_shard":4,"minecraft:white_bed":6,"minecraft:spider_eye":2,"undead_revamp2:rawbostrox":3,"minecraft:pumpkin_seeds":3,"minecraft:slime_ball":1,"minecraft:iron_helmet":3,"tombstone:magic_scroll":1,"minecraft:damaged_anvil":1,"minecraft:black_wool":1,"minecraft:coal":50},"minecraft:mined":{"minecraft:stone_pressure_plate":1,"minecraft:white_bed":5,"minecraft:brewing_stand":2,"minecraft:granite":16,"minecraft:budding_amethyst":1,"minecraft:grass_block":5,"minecraft:coal_block":19,"minecraft:iron_ore":66,"minecraft:cobbled_deepslate":15,"minecraft:fire":20,"minecraft:iron_block":1,"minecraft:player_head":2,"minecraft:deepslate_redstone_ore":10,"minecraft:red_bed":4,"minecraft:amethyst_cluster":1,"minecraft:torch":3,"minecraft:calcite":2,"minecraft:poppy":1,"spelunkers_charm:deepslate_geyser":2,"minecraft:sugar_cane":14,"minecraft:oak_planks":7,"minecraft:damaged_anvil":1,"minecraft:wall_torch":3,"minecraft:amethyst_block":39,"minecraft:skeleton_skull":1,"minecraft:wheat":92,"minecraft:lilac":1,"minecraft:jukebox":1,"biomesoplenty:fir_log":28,"minecraft:grass":12,"minecraft:oak_log":21,"minecraft:sand":32,"minecraft:dirt":29,"minecraft:smooth_basalt":1,"minecraft:oak_leaves":13,"minecraft:deepslate":116,"minecraft:diamond_ore":1,"minecraft:tuff":21,"minecraft:deepslate_diamond_ore":8,"biomesoplenty:bush":1,"minecraft:kelp":1,"minecraft:hay_block":48,"minecraft:furnace":2,"minecraft:andesite":53,"minecraft:bookshelf":33,"minecraft:deepslate_iron_ore":23,"minecraft:rail":1,"minecraft:lantern":1,"minecraft:stone":203,"minecraft:potted_lily_of_the_valley":1,"minecraft:dandelion":1,"minecraft:crafting_table":8,"minecraft:campfire":4,"minecraft:tall_grass":3,"minecraft:copper_ore":3,"minecraft:deepslate_gold_ore":17,"minecraft:diorite":7,"minecraft:birch_leaves":1,"minecraft:coal_ore":46,"minecraft:gravel":32,"minecraft:cobweb":5,"minecraft:chipped_anvil":1,"minecraft:gold_ore":2},"minecraft:broken":{"minecraft:stone_pickaxe":1,"minecraft:flint_and_steel":1,"minecraft:shield":1,"minecraft:iron_pickaxe":2},"minecraft:used":{"minecraft:iron_shovel":80,"minecraft:chest":3,"minecraft:shield":112,"minecraft:iron_sword":354,"alexscaves:cooked_lanternfish":2,"minecraft:player_head":1,"minecraft:rotten_flesh":1,"minecraft:lily_of_the_valley":1,"minecraft:tuff":7,"minecraft:lantern":11,"minecraft:quartz_block":4,"minecraft:stone_brick_stairs":3,"minecraft:music_disc_stal":1,"ironbows:iron_bow":4,"minecraft:furnace":4,"minecraft:oak_sapling":7,"minecraft:skeleton_skull":1,"minecraft:egg":2,"minecraft:chorus_fruit":1,"minecraft:stone_pickaxe":172,"minecraft:wooden_pickaxe":23,"minecraft:chainmail_helmet":1,"minecraft:glow_berries":6,"minecraft:sand":31,"minecraft:zombie_head":1,"minecraft:bread":106,"minecraft:stone_button":1,"minecraft:chainmail_boots":1,"minecraft:andesite":3,"minecraft:cobweb":6,"minecraft:experience_bottle":1,"sophisticatedbackpacks:iron_backpack":1,"minecraft:flint_and_steel":64,"minecraft:carved_pumpkin":1,"minecraft:armor_stand":2,"comforts:sleeping_bag_red":3,"minecraft:spruce_planks":16,"minecraft:cooked_chicken":2,"minecraft:torch":111,"minecraft:dirt":24,"minecraft:chainmail_chestplate":1,"minecraft:iron_axe":116,"minecraft:oak_stairs":2,"minecraft:iron_boots":2,"tombstone:gift":5,"minecraft:stone_pressure_plate":1,"minecraft:cooked_beef":2,"minecraft:cobbled_deepslate":108,"minecraft:iron_leggings":1,"minecraft:water_bucket":16,"minecraft:cracked_stone_bricks":1,"minecraft:crafting_table":12,"minecraft:white_bed":6,"tombstone:bag_of_seeds":1,"minecraft:iron_pickaxe":525,"tombstone:magic_scroll":1,"minecraft:cobblestone":43,"minecraft:bucket":16,"biomesoplenty:fir_log":3,"minecraft:dandelion":1,"minecraft:jukebox":1,"minecraft:chainmail_leggings":1}},"DataVersion":3465}