{"stats":{"minecraft:killed_by":{"minecraft:skeleton":1},"minecraft:used":{"sophisticatedbackpacks:iron_backpack":1,"minecraft:carved_pumpkin":1,"minecraft:armor_stand":2,"minecraft:chest":1,"minecraft:shield":29,"minecraft:iron_sword":118,"minecraft:player_head":1,"minecraft:cooked_chicken":2,"minecraft:dirt":12,"minecraft:lily_of_the_valley":1,"minecraft:chainmail_chestplate":1,"minecraft:lantern":11,"minecraft:iron_axe":37,"minecraft:quartz_block":4,"minecraft:iron_boots":1,"minecraft:stone_brick_stairs":3,"minecraft:oak_sapling":3,"minecraft:furnace":2,"tombstone:gift":2,"minecraft:egg":2,"minecraft:skeleton_skull":1,"minecraft:stone_pressure_plate":1,"minecraft:cooked_beef":2,"minecraft:iron_leggings":1,"minecraft:water_bucket":2,"minecraft:chorus_fruit":1,"minecraft:stone_pickaxe":172,"minecraft:wooden_pickaxe":23,"minecraft:chainmail_helmet":1,"minecraft:cracked_stone_bricks":1,"minecraft:glow_berries":6,"minecraft:crafting_table":7,"minecraft:white_bed":4,"minecraft:zombie_head":1,"minecraft:bread":25,"minecraft:stone_button":1,"minecraft:iron_pickaxe":27,"minecraft:cobblestone":35,"minecraft:chainmail_boots":1,"minecraft:bucket":2,"minecraft:andesite":1,"minecraft:dandelion":1,"minecraft:experience_bottle":1,"minecraft:chainmail_leggings":1},"minecraft:broken":{"minecraft:stone_pickaxe":1},"minecraft:killed":{"minecraft:dolphin":1,"minecraft:skeleton":8,"minecraft:chicken":4,"minecraft:silverfish":3,"minecraft:pig":13,"minecraft:creeper":1,"minecraft:sheep":4,"minecraft:zombie":3,"minecraft:villager":1,"minecraft:cow":12},"minecraft:picked_up":{"minecraft:charcoal":8,"minecraft:crafting_table":3,"minecraft:iron_chestplate":1,"minecraft:wheat":92,"minecraft:chicken":3,"minecraft:flower_pot":1,"minecraft:enchanted_book":1,"minecraft:stone_brick_stairs":3,"minecraft:brewing_stand":3,"minecraft:iron_axe":1,"minecraft:red_bed":4,"minecraft:iron_leggings":4,"minecraft:armor_stand":2,"minecraft:zombie_head":3,"minecraft:experience_bottle":1,"minecraft:cracked_stone_bricks":1,"minecraft:beef":22,"minecraft:rose_bush":1,"minecraft:player_head":4,"minecraft:iron_pickaxe":1,"minecraft:sugar_cane":39,"minecraft:coal_block":19,"minecraft:chest":2,"minecraft:furnace":1,"minecraft:iron_boots":3,"minecraft:egg":2,"minecraft:raw_iron":21,"minecraft:stick":2,"minecraft:stone":1,"minecraft:jukebox":1,"minecraft:porkchop":26,"minecraft:stone_button":4,"minecraft:carrot":1,"minecraft:stone_pressure_plate":2,"minecraft:arrow":6,"minecraft:pumpkin_pie":2,"minecraft:hay_block":46,"minecraft:iron_block":1,"minecraft:carved_pumpkin":2,"minecraft:rail":1,"minecraft:skeleton_skull":3,"minecraft:mutton":10,"minecraft:cobblestone":79,"minecraft:white_wool":5,"minecraft:feather":3,"minecraft:andesite":69,"minecraft:leather":17,"minecraft:potato":9,"minecraft:filled_map":2,"minecraft:oak_log":17,"minecraft:dirt":18,"minecraft:lantern":16,"minecraft:coast_armor_trim_smithing_template":1,"minecraft:bone":13,"minecraft:chipped_anvil":1,"minecraft:wheat_seeds":258,"minecraft:iron_ingot":25,"minecraft:rabbit":2,"minecraft:oak_planks":6,"minecraft:iron_sword":1,"minecraft:book":112,"minecraft:cooked_porkchop":17,"minecraft:stone_brick_slab":1,"minecraft:quartz":16,"minecraft:dandelion":2,"minecraft:sand":1,"minecraft:white_bed":5,"minecraft:lily_of_the_valley":1,"minecraft:bundle":1,"alexscaves:cooked_radgill":3,"minecraft:diamond":3,"minecraft:iron_helmet":3,"minecraft:chorus_fruit":1,"minecraft:oak_sapling":3,"minecraft:damaged_anvil":1,"minecraft:black_wool":1,"minecraft:coal":27},"minecraft:dropped":{"minecraft:iron_sword":2,"minecraft:wheat_seeds":258,"minecraft:diamond":4,"minecraft:cooked_porkchop":5,"minecraft:iron_helmet":2,"minecraft:lantern":5,"minecraft:rail":1,"minecraft:dirt":6,"minecraft:stone_button":3,"minecraft:rose_bush":1,"tombstone:grave_dust":1,"minecraft:iron_leggings":3,"minecraft:pumpkin_pie":2,"minecraft:iron_axe":1,"minecraft:iron_pickaxe":1,"minecraft:string":2,"minecraft:stone_brick_slab":1,"minecraft:dandelion":1,"minecraft:player_head":3,"minecraft:wheat":3,"minecraft:chicken":1,"minecraft:rotten_flesh":1,"minecraft:iron_boots":3,"minecraft:filled_map":2,"minecraft:stone":1,"minecraft:flower_pot":1,"alexscaves:cooked_radgill":1,"minecraft:bundle":1,"minecraft:andesite":68,"minecraft:chest":1,"minecraft:carved_pumpkin":1,"minecraft:stone_pressure_plate":1,"minecraft:stone_bricks":1,"minecraft:wooden_pickaxe":1,"minecraft:stone_pickaxe":1,"minecraft:black_wool":1},"minecraft:custom":{"minecraft:mob_kills":50,"minecraft:interact_with_crafting_table":17,"minecraft:open_barrel":19,"minecraft:leave_game":1,"minecraft:time_since_death":102932,"minecraft:climb_one_cm":4015,"minecraft:sprint_one_cm":253806,"minecraft:walk_one_cm":428778,"minecraft:damage_blocked_by_shield":1965,"minecraft:drop":66,"minecraft:talked_to_villager":2,"minecraft:play_time":139834,"minecraft:deaths":2,"minecraft:sneak_time":3455,"minecraft:walk_under_water_one_cm":14398,"minecraft:jump":1665,"minecraft:walk_on_water_one_cm":25532,"minecraft:total_world_time":139834,"minecraft:interact_with_furnace":65,"minecraft:sleep_in_bed":8,"minecraft:time_since_rest":0,"minecraft:damage_taken":1863,"minecraft:damage_dealt":5304,"minecraft:swim_one_cm":48817,"minecraft:fly_one_cm":331771,"minecraft:open_chest":22,"minecraft:crouch_one_cm":11661,"tombstone:undead_killed":11,"tombstone:villager_killed":1,"minecraft:interact_with_smoker":2,"minecraft:fall_one_cm":40551},"minecraft:mined":{"minecraft:stone_pressure_plate":1,"minecraft:white_bed":5,"minecraft:brewing_stand":2,"minecraft:grass_block":2,"minecraft:coal_block":19,"minecraft:hay_block":47,"minecraft:furnace":1,"minecraft:iron_ore":21,"minecraft:fire":17,"minecraft:andesite":35,"minecraft:bookshelf":33,"minecraft:rail":1,"minecraft:lantern":1,"minecraft:stone":75,"minecraft:iron_block":1,"minecraft:player_head":2,"minecraft:red_bed":4,"minecraft:potted_lily_of_the_valley":1,"minecraft:dandelion":1,"minecraft:crafting_table":3,"minecraft:campfire":4,"minecraft:tall_grass":2,"minecraft:oak_planks":6,"minecraft:sugar_cane":14,"minecraft:damaged_anvil":1,"minecraft:skeleton_skull":1,"minecraft:wheat":92,"minecraft:jukebox":1,"minecraft:birch_leaves":1,"minecraft:grass":4,"minecraft:coal_ore":27,"minecraft:oak_log":17,"minecraft:sand":5,"minecraft:dirt":10,"minecraft:chipped_anvil":1,"minecraft:oak_leaves":4},"minecraft:crafted":{"minecraft:oak_planks":17,"minecraft:cooked_chicken":2,"minecraft:furnace":2,"minecraft:cooked_mutton":9,"minecraft:quartz_block":4,"minecraft:iron_axe":1,"minecraft:stone_pickaxe":2,"minecraft:chest":1,"minecraft:cooked_rabbit":2,"sophisticatedbackpacks:iron_backpack":1,"minecraft:wheat":23,"minecraft:cooked_beef":26,"sophisticatedbackpacks:backpack":1,"minecraft:cooked_porkchop":29,"minecraft:crafting_table":5,"minecraft:wooden_pickaxe":1,"minecraft:iron_sword":2,"minecraft:bread":99,"minecraft:air":528,"minecraft:shield":3,"minecraft:stick":17,"minecraft:iron_ingot":22,"minecraft:iron_pickaxe":1,"minecraft:torch":15}},"DataVersion":3465}