{"stats":{"minecraft:killed":{"minecraft:spider":4,"undead_revamp2:thesmoker":2,"minecraft:dolphin":1,"minecraft:skeleton":16,"minecraft:chicken":10,"minecraft:silverfish":3,"minecraft:pig":14,"undead_revamp2:theheavy":1,"minecraft:creeper":1,"minecraft:sheep":4,"undead_revamp2:thebidyupside":1,"minecraft:zombie":20,"minecraft:stray":1,"minecraft:cow":13,"undead_revamp2:the_moonflower":2,"minecraft:squid":2,"minecraft:villager":1},"minecraft:dropped":{"minecraft:iron_sword":2,"minecraft:porkchop":1,"minecraft:diamond":4,"minecraft:cooked_porkchop":5,"minecraft:pitcher_pod":1,"minecraft:lantern":5,"minecraft:rail":6,"minecraft:dirt":6,"minecraft:stone_button":3,"minecraft:cornflower":1,"minecraft:cooked_cod":4,"minecraft:pumpkin_pie":2,"minecraft:iron_pickaxe":1,"undead_revamp2:blacpetalblock":1,"minecraft:white_wool":1,"minecraft:gold_ingot":1,"minecraft:gravel":27,"biomesoplenty:toadstool":2,"minecraft:cooked_chicken":3,"minecraft:wheat":5,"undead_revamp2:arapholia":1,"minecraft:rotten_flesh":1,"minecraft:cooked_mutton":9,"minecraft:beetroot_seeds":3,"minecraft:chest":1,"comforts:sleeping_bag_white":1,"minecraft:beef":2,"minecraft:wheat_seeds":267,"minecraft:golden_helmet":1,"minecraft:iron_helmet":2,"immersive_armors:warrior_chestplate":1,"minecraft:diorite":11,"minecraft:torch":10,"minecraft:rose_bush":1,"minecraft:cooked_salmon":3,"tombstone:grave_dust":1,"minecraft:iron_leggings":3,"minecraft:iron_axe":1,"minecraft:string":2,"minecraft:bucket":2,"minecraft:stone_brick_slab":1,"minecraft:dandelion":1,"minecraft:smooth_basalt":1,"minecraft:redstone":1,"minecraft:player_head":3,"minecraft:tuff":7,"minecraft:raw_iron":7,"minecraft:chicken":4,"minecraft:iron_boots":3,"minecraft:pumpkin_seeds":3,"minecraft:filled_map":2,"minecraft:stone":1,"minecraft:flower_pot":1,"alexscaves:cooked_radgill":1,"minecraft:bundle":5,"minecraft:andesite":68,"minecraft:carved_pumpkin":1,"minecraft:stone_pressure_plate":1,"minecraft:stone_bricks":1,"minecraft:magenta_dye":2,"minecraft:stone_pickaxe":1,"minecraft:wooden_pickaxe":1,"minecraft:calcite":5,"minecraft:cooked_rabbit":2,"minecraft:black_wool":1},"minecraft:custom":{"minecraft:interact_with_crafting_table":35,"minecraft:open_barrel":19,"minecraft:leave_game":4,"minecraft:time_since_death":289,"minecraft:sprint_one_cm":487998,"minecraft:damage_blocked_by_shield":5110,"minecraft:drop":133,"minecraft:talked_to_villager":2,"minecraft:play_time":272128,"minecraft:deaths":4,"minecraft:jump":3921,"minecraft:walk_on_water_one_cm":95267,"minecraft:interact_with_furnace":111,"minecraft:sleep_in_bed":16,"minecraft:damage_dealt":15018,"minecraft:crouch_one_cm":34168,"tombstone:undead_killed":42,"tombstone:villager_killed":1,"minecraft:interact_with_smoker":2,"minecraft:mob_kills":98,"minecraft:damage_dealt_resisted":909,"minecraft:climb_one_cm":4015,"minecraft:walk_one_cm":789815,"minecraft:sneak_time":11706,"minecraft:walk_under_water_one_cm":69328,"minecraft:interact_with_blast_furnace":3,"minecraft:total_world_time":272128,"minecraft:time_since_rest":46,"minecraft:damage_taken":5312,"minecraft:swim_one_cm":220966,"minecraft:fly_one_cm":651067,"minecraft:open_chest":88,"minecraft:fall_one_cm":98365},"minecraft:crafted":{"minecraft:black_dye":5,"minecraft:oak_planks":33,"minecraft:cooked_chicken":5,"minecraft:cooked_mutton":9,"minecraft:quartz_block":4,"minecraft:iron_boots":1,"minecraft:chest":3,"minecraft:magenta_dye":2,"minecraft:cooked_rabbit":2,"sophisticatedbackpacks:backpack":1,"minecraft:cooked_porkchop":29,"minecraft:crafting_table":5,"minecraft:wooden_pickaxe":1,"minecraft:shield":4,"minecraft:stick":25,"minecraft:iron_ingot":83,"minecraft:iron_pickaxe":2,"minecraft:gold_ingot":28,"comforts:sleeping_bag_red":1,"comforts:sleeping_bag_white":1,"minecraft:furnace":2,"minecraft:iron_axe":1,"minecraft:stone_pickaxe":2,"minecraft:wheat":47,"sophisticatedbackpacks:iron_backpack":1,"minecraft:cooked_beef":26,"minecraft:red_dye":1,"minecraft:iron_sword":2,"sophisticatedbackpacks:gold_backpack":1,"minecraft:bread":172,"minecraft:air":857,"minecraft:iron_shovel":1,"minecraft:torch":23},"minecraft:killed_by":{"undead_revamp2:clogger":1,"minecraft:vindicator":1,"minecraft:skeleton":1},"minecraft:picked_up":{"minecraft:iron_chestplate":1,"minecraft:wheat":97,"minecraft:flower_pot":1,"minecraft:enchanted_book":1,"minecraft:stone_brick_stairs":3,"minecraft:brewing_stand":3,"minecraft:amethyst_block":38,"minecraft:string":2,"minecraft:raw_copper":11,"minecraft:iron_leggings":4,"minecraft:armor_stand":2,"minecraft:zombie_head":3,"minecraft:experience_bottle":1,"minecraft:cobbled_deepslate":139,"minecraft:bucket":1,"comforts:sleeping_bag_white":1,"minecraft:rose_bush":1,"minecraft:calcite":5,"minecraft:iron_pickaxe":3,"minecraft:coal_block":19,"minecraft:iron_boots":4,"minecraft:furnace":2,"minecraft:tipped_arrow":1,"minecraft:golden_helmet":1,"minecraft:stick":5,"minecraft:jukebox":1,"minecraft:torch":30,"minecraft:porkchop":27,"tombstone:grave_dust":1,"minecraft:diorite":18,"minecraft:rotten_flesh":43,"minecraft:iron_block":1,"minecraft:carved_pumpkin":2,"undead_revamp2:arapholia":1,"minecraft:cobblestone":205,"minecraft:feather":12,"minecraft:lilac":1,"minecraft:andesite":89,"minecraft:potato":9,"biomesoplenty:fir_log":15,"minecraft:flint":3,"minecraft:tuff":21,"minecraft:dirt":39,"minecraft:lantern":16,"minecraft:bone":31,"minecraft:chipped_anvil":1,"undead_revamp2:blacpetalblock":1,"minecraft:wheat_seeds":264,"minecraft:raw_gold":17,"minecraft:rabbit":2,"minecraft:oak_planks":12,"minecraft:pitcher_pod":1,"biomesoplenty:toadstool":1,"minecraft:cooked_porkchop":17,"minecraft:sand":33,"minecraft:ink_sac":5,"minecraft:lily_of_the_valley":1,"undead_revamp2:heavytooth":1,"minecraft:bundle":5,"alexscaves:cooked_radgill":3,"minecraft:diamond":8,"minecraft:granite":16,"minecraft:oak_sapling":7,"minecraft:chorus_fruit":1,"minecraft:charcoal":8,"minecraft:crafting_table":7,"minecraft:chicken":9,"minecraft:cooked_rabbit":1,"minecraft:cornflower":1,"minecraft:red_bed":4,"minecraft:iron_axe":1,"minecraft:cracked_stone_bricks":1,"minecraft:beef":24,"minecraft:player_head":4,"minecraft:poppy":1,"minecraft:sugar_cane":39,"minecraft:chest":2,"minecraft:egg":2,"minecraft:raw_iron":97,"minecraft:stone":1,"minecraft:stone_button":4,"minecraft:carrot":1,"minecraft:redstone":46,"minecraft:stone_pressure_plate":2,"minecraft:arrow":19,"minecraft:beetroot_seeds":3,"minecraft:pumpkin_pie":2,"minecraft:hay_block":47,"comforts:sleeping_bag_red":2,"immersive_armors:warrior_chestplate":1,"minecraft:saddle":1,"minecraft:white_wool":5,"minecraft:skeleton_skull":3,"minecraft:rail":6,"minecraft:mutton":10,"minecraft:leather":17,"minecraft:filled_map":2,"spelunkers_charm:old_miners_bundle":1,"minecraft:oak_log":21,"minecraft:coast_armor_trim_smithing_template":1,"minecraft:iron_ingot":29,"tombstone:bag_of_seeds":1,"minecraft:iron_sword":1,"minecraft:book":112,"minecraft:smooth_basalt":1,"minecraft:stone_brick_slab":1,"minecraft:quartz":16,"minecraft:dandelion":2,"minecraft:gravel":27,"minecraft:amethyst_shard":4,"minecraft:white_bed":6,"minecraft:spider_eye":2,"undead_revamp2:rawbostrox":3,"minecraft:pumpkin_seeds":3,"minecraft:slime_ball":1,"minecraft:iron_helmet":3,"tombstone:magic_scroll":1,"minecraft:damaged_anvil":1,"minecraft:black_wool":1,"minecraft:coal":47},"minecraft:mined":{"minecraft:stone_pressure_plate":1,"minecraft:white_bed":5,"minecraft:brewing_stand":2,"minecraft:granite":16,"minecraft:budding_amethyst":1,"minecraft:grass_block":5,"minecraft:coal_block":19,"minecraft:fire":17,"minecraft:iron_ore":66,"minecraft:cobbled_deepslate":15,"minecraft:iron_block":1,"minecraft:player_head":2,"minecraft:deepslate_redstone_ore":10,"minecraft:red_bed":4,"minecraft:amethyst_cluster":1,"minecraft:torch":3,"minecraft:calcite":2,"minecraft:poppy":1,"spelunkers_charm:deepslate_geyser":2,"minecraft:oak_planks":7,"minecraft:sugar_cane":14,"minecraft:damaged_anvil":1,"minecraft:wall_torch":1,"minecraft:amethyst_block":39,"minecraft:skeleton_skull":1,"minecraft:wheat":92,"minecraft:lilac":1,"minecraft:jukebox":1,"biomesoplenty:fir_log":16,"minecraft:grass":12,"minecraft:oak_log":21,"minecraft:sand":32,"minecraft:dirt":29,"minecraft:smooth_basalt":1,"minecraft:oak_leaves":13,"minecraft:deepslate":116,"minecraft:diamond_ore":1,"minecraft:tuff":21,"minecraft:deepslate_diamond_ore":8,"biomesoplenty:bush":1,"minecraft:hay_block":48,"minecraft:furnace":2,"minecraft:andesite":53,"minecraft:bookshelf":33,"minecraft:deepslate_iron_ore":23,"minecraft:rail":1,"minecraft:lantern":1,"minecraft:stone":192,"minecraft:potted_lily_of_the_valley":1,"minecraft:dandelion":1,"minecraft:crafting_table":7,"minecraft:campfire":4,"minecraft:tall_grass":3,"minecraft:copper_ore":3,"minecraft:deepslate_gold_ore":17,"minecraft:diorite":7,"minecraft:birch_leaves":1,"minecraft:coal_ore":43,"minecraft:gravel":32,"minecraft:chipped_anvil":1,"minecraft:gold_ore":2},"minecraft:broken":{"minecraft:stone_pickaxe":1,"minecraft:shield":1,"minecraft:iron_pickaxe":2},"minecraft:used":{"minecraft:iron_shovel":80,"minecraft:chest":3,"minecraft:shield":82,"minecraft:iron_sword":300,"minecraft:player_head":1,"minecraft:rotten_flesh":1,"minecraft:lily_of_the_valley":1,"minecraft:tuff":7,"minecraft:lantern":11,"minecraft:quartz_block":4,"minecraft:stone_brick_stairs":3,"minecraft:furnace":4,"minecraft:oak_sapling":7,"minecraft:skeleton_skull":1,"minecraft:egg":2,"minecraft:chorus_fruit":1,"minecraft:stone_pickaxe":172,"minecraft:wooden_pickaxe":23,"minecraft:chainmail_helmet":1,"minecraft:glow_berries":6,"minecraft:sand":31,"minecraft:zombie_head":1,"minecraft:bread":87,"minecraft:stone_button":1,"minecraft:chainmail_boots":1,"minecraft:andesite":3,"minecraft:experience_bottle":1,"sophisticatedbackpacks:iron_backpack":1,"minecraft:carved_pumpkin":1,"minecraft:armor_stand":2,"comforts:sleeping_bag_red":2,"minecraft:cooked_chicken":2,"minecraft:torch":108,"minecraft:dirt":13,"minecraft:chainmail_chestplate":1,"minecraft:iron_axe":103,"minecraft:iron_boots":1,"tombstone:gift":4,"minecraft:stone_pressure_plate":1,"minecraft:cooked_beef":2,"minecraft:cobbled_deepslate":108,"minecraft:iron_leggings":1,"minecraft:water_bucket":13,"minecraft:cracked_stone_bricks":1,"minecraft:crafting_table":11,"minecraft:white_bed":6,"tombstone:bag_of_seeds":1,"minecraft:iron_pickaxe":511,"tombstone:magic_scroll":1,"minecraft:cobblestone":35,"minecraft:bucket":13,"minecraft:dandelion":1,"minecraft:chainmail_leggings":1}},"DataVersion":3465}