{"stats":{"minecraft:killed":{"minecraft:spider":4,"undead_revamp2:thesmoker":2,"minecraft:dolphin":1,"minecraft:skeleton":16,"minecraft:chicken":7,"minecraft:silverfish":3,"minecraft:pig":14,"undead_revamp2:the_moonflower":2,"undead_revamp2:theheavy":1,"minecraft:creeper":1,"minecraft:squid":2,"minecraft:sheep":4,"undead_revamp2:thebidyupside":1,"minecraft:zombie":20,"minecraft:stray":1,"minecraft:villager":1,"minecraft:cow":13},"minecraft:dropped":{"minecraft:iron_sword":2,"minecraft:porkchop":1,"minecraft:wheat_seeds":263,"minecraft:golden_helmet":1,"minecraft:diamond":4,"minecraft:cooked_porkchop":5,"minecraft:iron_helmet":2,"minecraft:lantern":5,"immersive_armors:warrior_chestplate":1,"minecraft:rail":6,"minecraft:dirt":6,"minecraft:diorite":11,"minecraft:stone_button":3,"minecraft:torch":10,"minecraft:rose_bush":1,"minecraft:cooked_cod":4,"minecraft:cooked_salmon":3,"tombstone:grave_dust":1,"minecraft:iron_leggings":3,"minecraft:pumpkin_pie":2,"minecraft:iron_axe":1,"minecraft:smooth_basalt":1,"minecraft:redstone":1,"minecraft:iron_pickaxe":1,"minecraft:string":2,"minecraft:white_wool":1,"minecraft:dandelion":1,"minecraft:stone_brick_slab":1,"minecraft:gravel":27,"minecraft:player_head":3,"minecraft:tuff":7,"minecraft:wheat":5,"undead_revamp2:arapholia":1,"minecraft:raw_iron":7,"minecraft:chicken":4,"minecraft:rotten_flesh":1,"minecraft:iron_boots":3,"minecraft:pumpkin_seeds":3,"minecraft:filled_map":2,"minecraft:stone":1,"minecraft:flower_pot":1,"alexscaves:cooked_radgill":1,"minecraft:bundle":5,"minecraft:beetroot_seeds":3,"minecraft:andesite":68,"minecraft:chest":1,"comforts:sleeping_bag_white":1,"minecraft:carved_pumpkin":1,"minecraft:stone_pressure_plate":1,"minecraft:stone_bricks":1,"minecraft:magenta_dye":2,"minecraft:wooden_pickaxe":1,"minecraft:beef":2,"minecraft:stone_pickaxe":1,"minecraft:calcite":2,"minecraft:black_wool":1},"minecraft:custom":{"minecraft:mob_kills":95,"minecraft:interact_with_crafting_table":31,"minecraft:open_barrel":19,"minecraft:damage_dealt_resisted":867,"minecraft:leave_game":3,"minecraft:time_since_death":106727,"minecraft:climb_one_cm":4015,"minecraft:sprint_one_cm":481463,"minecraft:walk_one_cm":771942,"minecraft:damage_blocked_by_shield":5110,"minecraft:drop":116,"minecraft:talked_to_villager":2,"minecraft:play_time":257914,"minecraft:deaths":3,"minecraft:sneak_time":11599,"minecraft:walk_under_water_one_cm":63525,"minecraft:jump":3835,"minecraft:walk_on_water_one_cm":86769,"minecraft:total_world_time":257914,"minecraft:interact_with_furnace":71,"minecraft:sleep_in_bed":15,"minecraft:time_since_rest":700,"minecraft:damage_taken":5050,"minecraft:damage_dealt":14834,"minecraft:swim_one_cm":209083,"minecraft:fly_one_cm":631324,"minecraft:open_chest":64,"minecraft:crouch_one_cm":33996,"tombstone:undead_killed":42,"tombstone:villager_killed":1,"minecraft:interact_with_smoker":2,"minecraft:fall_one_cm":94214},"minecraft:crafted":{"comforts:sleeping_bag_red":1,"minecraft:black_dye":5,"minecraft:oak_planks":33,"comforts:sleeping_bag_white":1,"minecraft:cooked_chicken":2,"minecraft:furnace":2,"minecraft:cooked_mutton":9,"minecraft:quartz_block":4,"minecraft:iron_axe":1,"minecraft:stone_pickaxe":2,"minecraft:chest":3,"minecraft:magenta_dye":2,"minecraft:cooked_rabbit":2,"sophisticatedbackpacks:iron_backpack":1,"minecraft:wheat":23,"minecraft:cooked_beef":26,"minecraft:red_dye":1,"sophisticatedbackpacks:backpack":1,"minecraft:cooked_porkchop":29,"minecraft:crafting_table":5,"minecraft:wooden_pickaxe":1,"minecraft:iron_sword":2,"minecraft:bread":99,"minecraft:air":567,"minecraft:shield":4,"minecraft:stick":25,"minecraft:iron_ingot":22,"minecraft:iron_pickaxe":2,"minecraft:iron_shovel":1,"minecraft:torch":23},"minecraft:killed_by":{"undead_revamp2:clogger":1,"minecraft:skeleton":1},"minecraft:picked_up":{"minecraft:charcoal":8,"minecraft:crafting_table":7,"minecraft:iron_chestplate":1,"minecraft:wheat":97,"minecraft:chicken":6,"minecraft:flower_pot":1,"minecraft:enchanted_book":1,"minecraft:stone_brick_stairs":3,"minecraft:brewing_stand":3,"minecraft:cornflower":1,"minecraft:raw_copper":11,"minecraft:amethyst_block":38,"minecraft:string":2,"minecraft:red_bed":4,"minecraft:iron_axe":1,"minecraft:iron_leggings":4,"minecraft:armor_stand":2,"minecraft:experience_bottle":1,"minecraft:zombie_head":3,"minecraft:cracked_stone_bricks":1,"minecraft:cobbled_deepslate":132,"comforts:sleeping_bag_white":1,"minecraft:beef":24,"minecraft:rose_bush":1,"minecraft:calcite":2,"minecraft:player_head":4,"minecraft:poppy":1,"minecraft:iron_pickaxe":2,"minecraft:coal_block":19,"minecraft:sugar_cane":39,"minecraft:chest":2,"minecraft:furnace":2,"minecraft:iron_boots":3,"minecraft:egg":2,"minecraft:golden_helmet":1,"minecraft:tipped_arrow":1,"minecraft:stick":5,"minecraft:raw_iron":97,"minecraft:stone":1,"minecraft:jukebox":1,"minecraft:torch":30,"minecraft:porkchop":27,"minecraft:stone_button":4,"minecraft:redstone":46,"tombstone:grave_dust":1,"minecraft:diorite":18,"minecraft:carrot":1,"minecraft:stone_pressure_plate":2,"minecraft:arrow":19,"minecraft:rotten_flesh":41,"minecraft:beetroot_seeds":3,"minecraft:pumpkin_pie":2,"immersive_armors:warrior_chestplate":1,"minecraft:hay_block":47,"comforts:sleeping_bag_red":2,"minecraft:iron_block":1,"minecraft:carved_pumpkin":2,"undead_revamp2:arapholia":1,"minecraft:mutton":10,"minecraft:rail":6,"minecraft:skeleton_skull":3,"minecraft:white_wool":5,"minecraft:cobblestone":201,"minecraft:feather":7,"minecraft:lilac":1,"minecraft:andesite":89,"minecraft:leather":17,"biomesoplenty:fir_log":15,"spelunkers_charm:old_miners_bundle":1,"minecraft:potato":9,"minecraft:filled_map":2,"minecraft:flint":3,"minecraft:tuff":21,"minecraft:oak_log":21,"minecraft:dirt":39,"minecraft:lantern":16,"minecraft:coast_armor_trim_smithing_template":1,"minecraft:bone":31,"minecraft:chipped_anvil":1,"minecraft:wheat_seeds":263,"minecraft:raw_gold":17,"minecraft:iron_ingot":29,"minecraft:rabbit":2,"minecraft:iron_sword":1,"minecraft:oak_planks":12,"biomesoplenty:toadstool":1,"minecraft:book":112,"minecraft:smooth_basalt":1,"minecraft:cooked_porkchop":17,"minecraft:stone_brick_slab":1,"minecraft:quartz":16,"minecraft:dandelion":2,"minecraft:amethyst_shard":4,"minecraft:gravel":27,"minecraft:sand":33,"minecraft:ink_sac":5,"minecraft:white_bed":6,"minecraft:lily_of_the_valley":1,"minecraft:spider_eye":2,"undead_revamp2:heavytooth":1,"undead_revamp2:rawbostrox":3,"minecraft:bundle":5,"alexscaves:cooked_radgill":3,"minecraft:pumpkin_seeds":3,"minecraft:slime_ball":1,"minecraft:diamond":8,"minecraft:iron_helmet":3,"minecraft:granite":16,"minecraft:oak_sapling":7,"minecraft:damaged_anvil":1,"tombstone:magic_scroll":1,"minecraft:black_wool":1,"minecraft:chorus_fruit":1,"minecraft:coal":47},"minecraft:mined":{"minecraft:diamond_ore":1,"minecraft:tuff":21,"minecraft:stone_pressure_plate":1,"minecraft:white_bed":5,"minecraft:deepslate_diamond_ore":8,"minecraft:brewing_stand":2,"minecraft:granite":16,"minecraft:budding_amethyst":1,"biomesoplenty:bush":1,"minecraft:grass_block":5,"minecraft:coal_block":19,"minecraft:hay_block":48,"minecraft:furnace":2,"minecraft:cobbled_deepslate":15,"minecraft:iron_ore":66,"minecraft:fire":17,"minecraft:andesite":53,"minecraft:bookshelf":33,"minecraft:deepslate_iron_ore":23,"minecraft:rail":1,"minecraft:lantern":1,"minecraft:stone":192,"minecraft:iron_block":1,"minecraft:player_head":2,"minecraft:deepslate_redstone_ore":10,"minecraft:red_bed":4,"minecraft:potted_lily_of_the_valley":1,"minecraft:amethyst_cluster":1,"minecraft:dandelion":1,"minecraft:crafting_table":7,"minecraft:torch":3,"minecraft:calcite":2,"minecraft:poppy":1,"minecraft:campfire":4,"minecraft:copper_ore":3,"minecraft:tall_grass":3,"spelunkers_charm:deepslate_geyser":2,"minecraft:deepslate_gold_ore":17,"minecraft:sugar_cane":14,"minecraft:oak_planks":7,"minecraft:damaged_anvil":1,"minecraft:diorite":7,"minecraft:wall_torch":1,"minecraft:amethyst_block":39,"minecraft:skeleton_skull":1,"minecraft:wheat":92,"minecraft:lilac":1,"minecraft:jukebox":1,"minecraft:birch_leaves":1,"biomesoplenty:fir_log":16,"minecraft:grass":8,"minecraft:oak_log":21,"minecraft:coal_ore":43,"minecraft:gravel":32,"minecraft:sand":32,"minecraft:dirt":29,"minecraft:smooth_basalt":1,"minecraft:gold_ore":2,"minecraft:deepslate":116,"minecraft:chipped_anvil":1,"minecraft:oak_leaves":13},"minecraft:broken":{"minecraft:stone_pickaxe":1,"minecraft:shield":1,"minecraft:iron_pickaxe":2},"minecraft:used":{"sophisticatedbackpacks:iron_backpack":1,"minecraft:iron_shovel":80,"minecraft:carved_pumpkin":1,"minecraft:armor_stand":2,"comforts:sleeping_bag_red":2,"minecraft:chest":3,"minecraft:shield":82,"minecraft:iron_sword":290,"minecraft:rotten_flesh":1,"minecraft:cooked_chicken":2,"minecraft:player_head":1,"minecraft:torch":108,"minecraft:dirt":13,"minecraft:lily_of_the_valley":1,"minecraft:chainmail_chestplate":1,"minecraft:tuff":7,"minecraft:lantern":11,"minecraft:iron_axe":103,"minecraft:quartz_block":4,"minecraft:iron_boots":1,"minecraft:stone_brick_stairs":3,"minecraft:oak_sapling":7,"minecraft:furnace":3,"minecraft:cobbled_deepslate":108,"tombstone:gift":4,"minecraft:skeleton_skull":1,"minecraft:egg":2,"minecraft:stone_pressure_plate":1,"minecraft:cooked_beef":2,"minecraft:iron_leggings":1,"minecraft:water_bucket":13,"minecraft:chorus_fruit":1,"minecraft:stone_pickaxe":172,"minecraft:wooden_pickaxe":23,"minecraft:chainmail_helmet":1,"minecraft:cracked_stone_bricks":1,"minecraft:glow_berries":6,"minecraft:sand":31,"minecraft:crafting_table":11,"minecraft:white_bed":6,"minecraft:zombie_head":1,"minecraft:bread":85,"minecraft:iron_pickaxe":511,"minecraft:stone_button":1,"tombstone:magic_scroll":1,"minecraft:cobblestone":35,"minecraft:chainmail_boots":1,"minecraft:andesite":3,"minecraft:bucket":13,"minecraft:dandelion":1,"minecraft:experience_bottle":1,"minecraft:chainmail_leggings":1}},"DataVersion":3465}