{"stats":{"minecraft:killed":{"minecraft:cave_spider":2,"minecraft:spider":6,"undead_revamp2:thesmoker":2,"minecraft:dolphin":1,"creeperoverhaul:bamboo_creeper":2,"minecraft:skeleton":36,"minecraft:chicken":35,"minecraft:silverfish":3,"undead_revamp2:therod":1,"minecraft:parrot":4,"minecraft:pig":28,"undead_revamp2:theheavy":1,"minecraft:creeper":2,"minecraft:sheep":14,"undead_revamp2:thebidyupside":1,"minecraft:pillager":5,"minecraft:zombie":38,"minecraft:stray":5,"minecraft:cow":24,"undead_revamp2:thehunter":6,"graveyard:nightmare":1,"minecraft:vindicator":3,"undead_revamp2:bomber":2,"minecraft:horse":1,"takesapillage:clay_golem":1,"undead_revamp2:sucker":2,"undead_revamp2:the_moonflower":6,"minecraft:squid":2,"minecraft:villager":1},"minecraft:crafted":{"minecraft:black_dye":5,"minecraft:oak_planks":52,"minecraft:cobblestone_slab":42,"minecraft:oak_pressure_plate":1,"minecraft:cooked_chicken":5,"minecraft:cobblestone_stairs":8,"sophisticatedbackpacks:anvil_upgrade":1,"sophisticatedbackpacks:crafting_upgrade":3,"minecraft:cooked_mutton":9,"minecraft:quartz_block":4,"sophisticatedbackpacks:smelting_upgrade":1,"minecraft:hopper":3,"minecraft:bow":2,"minecraft:iron_boots":2,"minecraft:melon_seeds":77,"minecraft:chest":7,"minecraft:magenta_dye":4,"minecraft:oak_fence":3,"minecraft:cooked_rabbit":2,"ironbows:emerald_bow":1,"sophisticatedbackpacks:backpack":1,"minecraft:cooked_porkchop":29,"minecraft:crafting_table":6,"minecraft:spruce_planks":7,"minecraft:wooden_pickaxe":1,"sophisticatedbackpacks:upgrade_base":4,"minecraft:iron_chestplate":1,"minecraft:yellow_dye":1,"minecraft:diamond_pickaxe":1,"minecraft:shield":10,"sophisticatedbackpacks:diamond_backpack":1,"minecraft:stick":38,"minecraft:iron_ingot":113,"sophisticatedbackpacks:auto_smelting_upgrade":1,"minecraft:iron_pickaxe":3,"minecraft:iron_block":6,"minecraft:gold_ingot":37,"comforts:sleeping_bag_red":1,"minecraft:coal":36,"minecraft:iron_nugget":4,"minecraft:spyglass":5,"comforts:sleeping_bag_white":1,"sophisticatedbackpacks:advanced_magnet_upgrade":1,"minecraft:furnace":3,"ironbows:iron_bow":1,"sophisticatedbackpacks:jukebox_upgrade":1,"minecraft:iron_axe":2,"comforts:sleeping_bag_cyan":1,"minecraft:stone_pickaxe":2,"minecraft:dark_oak_planks":4,"minecraft:lead":2,"sophisticatedbackpacks:iron_backpack":1,"minecraft:wheat":47,"minecraft:cooked_beef":31,"minecraft:coal_block":12,"minecraft:red_dye":2,"minecraft:cooked_cod":3,"minecraft:iron_sword":3,"minecraft:red_bed":1,"minecraft:cooked_salmon":1,"sophisticatedbackpacks:gold_backpack":1,"minecraft:bread":172,"minecraft:air":1231,"minecraft:oak_boat":1,"minecraft:golden_apple":5,"minecraft:iron_shovel":2,"minecraft:torch":66},"minecraft:mined":{"minecraft:white_bed":6,"minecraft:stone_pressure_plate":1,"minecraft:jungle_leaves":7,"minecraft:brewing_stand":2,"minecraft:obsidian":13,"minecraft:budding_amethyst":1,"minecraft:granite":16,"minecraft:grass_block":45,"tombstone:blue_marble":1,"minecraft:jungle_log":8,"minecraft:coal_block":19,"minecraft:iron_ore":86,"minecraft:fire":31,"minecraft:cobbled_deepslate":17,"comforts:sleeping_bag_red":2,"graveyard:ossuary":1,"minecraft:pumpkin":16,"minecraft:iron_block":1,"minecraft:player_head":2,"minecraft:tripwire":8,"minecraft:deepslate_redstone_ore":10,"minecraft:brown_mushroom":11,"minecraft:red_bed":5,"minecraft:amethyst_cluster":1,"biomesoplenty:hanging_cobweb_strand":1,"minecraft:torch":10,"minecraft:calcite":2,"minecraft:poppy":2,"minecraft:melon":15,"minecraft:chest":2,"spelunkers_charm:deepslate_geyser":2,"minecraft:damaged_anvil":4,"minecraft:oak_planks":9,"minecraft:sugar_cane":14,"minecraft:wall_torch":4,"minecraft:amethyst_block":39,"minecraft:skeleton_skull":1,"minecraft:wheat":92,"minecraft:lilac":2,"minecraft:jukebox":3,"biomesoplenty:fir_log":28,"minecraft:grass":50,"biomesoplenty:clover":1,"minecraft:oak_log":36,"minecraft:sand":67,"minecraft:dirt":111,"minecraft:smooth_basalt":1,"minecraft:tripwire_hook":1,"minecraft:red_mushroom_block":9,"minecraft:piston":3,"minecraft:oak_leaves":23,"minecraft:deepslate":116,"minecraft:diamond_ore":1,"minecraft:crying_obsidian":2,"minecraft:tuff":21,"minecraft:dark_oak_leaves":1,"minecraft:deepslate_diamond_ore":8,"biomesoplenty:bush":3,"minecraft:allium":1,"minecraft:kelp":1,"minecraft:red_mushroom":21,"minecraft:hay_block":48,"minecraft:furnace":3,"minecraft:andesite":53,"minecraft:gold_block":1,"biomesoplenty:sea_oats":3,"minecraft:bookshelf":33,"minecraft:cobblestone_slab":4,"minecraft:deepslate_iron_ore":23,"minecraft:rail":1,"minecraft:lantern":2,"minecraft:stripped_oak_log":1,"minecraft:stone":221,"biomesoplenty:spider_egg":2,"minecraft:bone_block":65,"minecraft:potted_lily_of_the_valley":1,"minecraft:dandelion":2,"minecraft:oak_fence":20,"minecraft:crafting_table":8,"minecraft:emerald_ore":1,"mysticaloaktree:wise_oak":1,"minecraft:rose_bush":50,"minecraft:campfire":4,"minecraft:copper_ore":3,"minecraft:tall_grass":6,"biomesoplenty:sprout":11,"minecraft:deepslate_gold_ore":17,"minecraft:diorite":7,"minecraft:birch_leaves":1,"minecraft:coal_ore":163,"minecraft:cocoa":2,"minecraft:gravel":32,"minecraft:cobweb":6,"minecraft:gold_ore":12,"minecraft:chipped_anvil":4,"minecraft:fern":45},"minecraft:custom":{"minecraft:interact_with_crafting_table":70,"minecraft:open_barrel":70,"minecraft:leave_game":12,"minecraft:time_since_death":36815,"minecraft:sprint_one_cm":1395242,"minecraft:damage_blocked_by_shield":14920,"minecraft:drop":987,"minecraft:talked_to_villager":3,"minecraft:play_time":720579,"minecraft:deaths":13,"minecraft:jump":11056,"minecraft:walk_on_water_one_cm":173559,"minecraft:interact_with_furnace":166,"minecraft:play_record":3,"minecraft:sleep_in_bed":57,"minecraft:damage_dealt":35089,"minecraft:crouch_one_cm":76142,"tombstone:undead_killed":99,"tombstone:villager_killed":1,"minecraft:interact_with_smoker":2,"minecraft:inspect_dispenser":4,"minecraft:horse_one_cm":35217,"minecraft:interact_with_anvil":13,"minecraft:mob_kills":243,"minecraft:damage_dealt_resisted":1074,"minecraft:climb_one_cm":23578,"minecraft:walk_one_cm":1928485,"minecraft:sneak_time":24000,"minecraft:walk_under_water_one_cm":135635,"minecraft:interact_with_blast_furnace":3,"minecraft:boat_one_cm":21398,"minecraft:total_world_time":720579,"tombstone:raider_killed":8,"minecraft:time_since_rest":12743,"minecraft:damage_taken":15918,"minecraft:damage_absorbed":38,"tombstone:cast_on_ally":6,"minecraft:swim_one_cm":319785,"minecraft:fly_one_cm":1715444,"minecraft:open_chest":189,"minecraft:fall_one_cm":299313},"minecraft:broken":{"minecraft:iron_shovel":1,"minecraft:leather_leggings":1,"minecraft:iron_boots":1,"minecraft:stone_pickaxe":1,"minecraft:iron_sword":1,"minecraft:flint_and_steel":1,"minecraft:shield":2,"minecraft:iron_axe":1,"minecraft:iron_pickaxe":3},"minecraft:dropped":{"minecraft:iron_sword":2,"minecraft:piston":8,"minecraft:brown_mushroom":1,"minecraft:porkchop":1,"biomesoplenty:pink_daffodil":3,"minecraft:cooked_beef":23,"minecraft:diamond":20,"minecraft:dark_oak_sapling":2,"minecraft:cooked_porkchop":42,"minecraft:pitcher_pod":1,"alexscaves:burrowing_arrow":1,"minecraft:glow_berries":5,"comforts:sleeping_bag_cyan":1,"minecraft:lantern":5,"minecraft:rooted_dirt":2,"minecraft:jungle_planks":3,"minecraft:rail":41,"graveyard:corruption":3,"minecraft:leather_helmet":2,"minecraft:cod":3,"minecraft:red_mushroom":1,"minecraft:music_disc_13":3,"minecraft:dirt":33,"minecraft:red_bed":1,"minecraft:dark_oak_log":7,"minecraft:stone_button":3,"minecraft:cornflower":1,"minecraft:mutton":2,"minecraft:cooked_cod":8,"minecraft:pumpkin_pie":2,"minecraft:bone_meal":9,"minecraft:bone_block":2,"minecraft:sand":1,"minecraft:iron_pickaxe":2,"undead_revamp2:blacpetalblock":1,"ironbows:iron_bow":2,"spelunkers_charm:candle_helmet":2,"minecraft:music_disc_stal":2,"minecraft:white_wool":5,"minecraft:gold_ingot":1,"minecraft:bone":1,"minecraft:gravel":27,"biomesoplenty:toadstool":2,"tombstone:blue_marble":1,"minecraft:spyglass":3,"minecraft:cooked_chicken":3,"minecraft:detector_rail":2,"minecraft:cobbled_deepslate":295,"minecraft:wheat":5,"undead_revamp2:arapholia":1,"minecraft:rotten_flesh":248,"minecraft:cooked_mutton":9,"minecraft:azure_bluet":1,"minecraft:salmon":1,"minecraft:rabbit_foot":4,"minecraft:leather_chestplate":1,"sophisticatedbackpacks:anvil_upgrade":1,"minecraft:beetroot_seeds":7,"minecraft:melon_seeds":2,"minecraft:chest":2,"alexscaves:cooked_lanternfish":1,"minecraft:ladder":1,"tombstone:scroll_of_knowledge":1,"minecraft:leather_leggings":3,"comforts:sleeping_bag_white":1,"minecraft:powered_rail":6,"minecraft:beef":2,"minecraft:iron_ingot":1,"minecraft:bread":1,"minecraft:black_dye":2,"minecraft:wheat_seeds":335,"minecraft:golden_helmet":1,"graveyard:ossuary":1,"minecraft:oak_fence":6,"minecraft:iron_helmet":4,"minecraft:cobblestone":194,"minecraft:book":122,"minecraft:jungle_wood":6,"minecraft:granite":19,"minecraft:activator_rail":1,"spelunkers_charm:old_miners_bundle":2,"minecraft:tropical_fish":2,"immersive_armors:warrior_chestplate":1,"minecraft:diorite":13,"minecraft:torch":15,"minecraft:rose_bush":303,"minecraft:brown_wool":1,"minecraft:cooked_salmon":6,"tombstone:grave_dust":1,"minecraft:iron_leggings":3,"minecraft:pumpkin":16,"minecraft:iron_axe":1,"minecraft:chipped_anvil":2,"sophisticatedbackpacks:crafting_upgrade":1,"alexscaves:lanternfish":1,"minecraft:tripwire_hook":2,"minecraft:string":2,"alexscaves:tripodfish":1,"minecraft:bucket":3,"minecraft:music_disc_cat":4,"minecraft:smooth_basalt":1,"minecraft:stone_brick_slab":1,"minecraft:redstone":13,"minecraft:dandelion":1,"minecraft:moss_carpet":4,"minecraft:player_head":3,"minecraft:smooth_stone_slab":1,"minecraft:tuff":47,"minecraft:sticky_piston":1,"minecraft:raw_iron":13,"minecraft:chicken":5,"minecraft:iron_boots":7,"sophisticatedbackpacks:backpack":1,"minecraft:pumpkin_seeds":3,"minecraft:filled_map":5,"minecraft:stone":1,"minecraft:shield":2,"minecraft:flower_pot":1,"undead_revamp2:heavytooth":1,"minecraft:allium":1,"alexscaves:cooked_radgill":4,"minecraft:diamond_chestplate":1,"minecraft:bundle":5,"minecraft:iron_chestplate":2,"minecraft:andesite":68,"minecraft:pink_wool":2,"minecraft:oak_sapling":1,"biomesoplenty:blue_hydrangea":5,"minecraft:carved_pumpkin":1,"minecraft:stone_pressure_plate":1,"minecraft:barrel":24,"minecraft:stone_bricks":1,"minecraft:brown_carpet":1,"minecraft:diamond_boots":2,"biomesoplenty:magic_log":5,"minecraft:bow":3,"minecraft:magenta_dye":4,"minecraft:stone_pickaxe":1,"minecraft:wooden_pickaxe":1,"minecraft:calcite":5,"minecraft:cooked_rabbit":5,"minecraft:black_wool":2},"minecraft:used":{"minecraft:iron_shovel":301,"minecraft:chest":3,"minecraft:iron_sword":840,"tombstone:scroll_of_purification":1,"minecraft:shield":227,"alexscaves:cooked_lanternfish":2,"minecraft:rotten_flesh":1,"minecraft:player_head":1,"minecraft:lily_of_the_valley":2,"minecraft:tuff":7,"minecraft:azure_bluet":1,"sophisticatedbackpacks:diamond_backpack":4,"minecraft:lantern":12,"minecraft:quartz_block":4,"minecraft:stone_brick_stairs":3,"minecraft:music_disc_stal":3,"ironbows:iron_bow":4,"minecraft:oak_sapling":10,"minecraft:furnace":5,"minecraft:skeleton_skull":1,"minecraft:egg":2,"minecraft:damaged_anvil":3,"minecraft:chorus_fruit":1,"minecraft:stone_pickaxe":172,"minecraft:oak_planks":3,"minecraft:wooden_pickaxe":23,"biomesoplenty:fir_planks":88,"minecraft:chainmail_helmet":1,"biomesoplenty:glowflower":1,"minecraft:golden_apple":1,"minecraft:glow_berries":6,"minecraft:sand":31,"minecraft:zombie_head":1,"minecraft:stone_button":1,"minecraft:string":1,"minecraft:bread":197,"tombstone:grave_key":2,"minecraft:oak_pressure_plate":1,"minecraft:chainmail_boots":1,"minecraft:andesite":3,"minecraft:oak_boat":2,"minecraft:cobweb":6,"minecraft:experience_bottle":1,"minecraft:oak_fence":15,"minecraft:rose_bush":2,"sophisticatedbackpacks:iron_backpack":1,"minecraft:flint_and_steel":115,"minecraft:carved_pumpkin":1,"minecraft:armor_stand":2,"tombstone:scroll_of_frost_resistance":2,"comforts:sleeping_bag_red":27,"minecraft:spruce_planks":16,"minecraft:cooked_chicken":15,"minecraft:torch":214,"minecraft:spyglass":41,"minecraft:dirt":284,"ironbows:emerald_bow":25,"minecraft:chainmail_chestplate":1,"minecraft:spruce_fence":1,"minecraft:chipped_anvil":1,"minecraft:iron_axe":220,"minecraft:oak_stairs":2,"minecraft:iron_boots":2,"minecraft:barrel":1,"tombstone:gift":8,"minecraft:cooked_beef":7,"minecraft:cobbled_deepslate":110,"minecraft:stone_pressure_plate":1,"minecraft:iron_leggings":1,"minecraft:cooked_mutton":20,"minecraft:water_bucket":50,"minecraft:cobblestone_stairs":8,"minecraft:cobblestone_slab":46,"minecraft:cracked_stone_bricks":1,"biomesoplenty:mahogany_log":1,"minecraft:crafting_table":12,"minecraft:red_bed":3,"minecraft:white_bed":6,"tombstone:bag_of_seeds":3,"minecraft:oak_log":1,"minecraft:diamond_pickaxe":15,"minecraft:iron_pickaxe":797,"tombstone:magic_scroll":3,"minecraft:cobblestone":46,"minecraft:cooked_porkchop":14,"minecraft:bucket":50,"minecraft:dandelion":1,"biomesoplenty:fir_log":3,"minecraft:jukebox":3,"minecraft:chainmail_leggings":1},"minecraft:killed_by":{"undead_revamp2:the_moonflower":1,"undead_revamp2:clogger":1,"minecraft:vindicator":3,"minecraft:zombie":2,"minecraft:stray":1,"minecraft:skeleton":3},"minecraft:picked_up":{"minecraft:iron_chestplate":1,"minecraft:wheat":97,"minecraft:flower_pot":1,"minecraft:lead":13,"minecraft:oak_stairs":2,"minecraft:enchanted_book":4,"minecraft:stone_brick_stairs":3,"minecraft:brewing_stand":3,"sophisticatedbackpacks:magnet_upgrade":1,"minecraft:amethyst_block":38,"minecraft:music_disc_cat":3,"minecraft:string":26,"minecraft:raw_copper":11,"minecraft:cooked_salmon":2,"minecraft:smooth_stone_slab":1,"minecraft:iron_leggings":4,"minecraft:armor_stand":2,"minecraft:sticky_piston":1,"minecraft:experience_bottle":1,"minecraft:zombie_head":3,"minecraft:activator_rail":1,"minecraft:cobbled_deepslate":445,"minecraft:bucket":2,"comforts:sleeping_bag_white":1,"minecraft:rose_bush":305,"minecraft:cobblestone_slab":4,"minecraft:calcite":5,"minecraft:iron_pickaxe":3,"minecraft:melon_slice":77,"minecraft:coal_block":19,"minecraft:iron_boots":6,"minecraft:furnace":3,"minecraft:golden_helmet":2,"minecraft:tipped_arrow":3,"minecraft:stick":10,"minecraft:jukebox":4,"minecraft:oak_fence":18,"minecraft:torch":92,"minecraft:porkchop":92,"tombstone:grave_dust":3,"minecraft:diorite":27,"minecraft:rabbit_foot":5,"minecraft:black_dye":2,"minecraft:brown_carpet":1,"minecraft:rotten_flesh":69,"minecraft:tropical_fish":1,"minecraft:music_disc_ward":1,"minecraft:iron_block":1,"minecraft:carved_pumpkin":2,"undead_revamp2:arapholia":1,"minecraft:cobblestone":234,"minecraft:leather_chestplate":1,"minecraft:feather":30,"minecraft:lilac":2,"sophisticatedbackpacks:anvil_upgrade":1,"minecraft:andesite":105,"minecraft:jungle_log":8,"minecraft:brown_wool":1,"minecraft:jungle_wood":6,"minecraft:potato":9,"biomesoplenty:fir_log":25,"minecraft:flint":3,"minecraft:tuff":61,"minecraft:dirt":377,"minecraft:lantern":17,"minecraft:name_tag":2,"minecraft:bone":66,"minecraft:chipped_anvil":4,"undead_revamp2:blacpetalblock":1,"minecraft:bow":3,"minecraft:wheat_seeds":340,"minecraft:raw_gold":27,"minecraft:rabbit":2,"minecraft:powered_rail":3,"minecraft:oak_planks":15,"minecraft:pitcher_pod":1,"ironbows:iron_bow":1,"biomesoplenty:toadstool":1,"minecraft:cooked_porkchop":17,"minecraft:sand":98,"minecraft:jungle_planks":7,"minecraft:ink_sac":5,"minecraft:lily_of_the_valley":2,"minecraft:dark_oak_log":8,"minecraft:barrel":25,"undead_revamp2:heavytooth":2,"biomesoplenty:glowflower":1,"minecraft:bundle":5,"alexscaves:cooked_radgill":3,"minecraft:sugar":1,"minecraft:diamond":13,"minecraft:granite":49,"minecraft:bone_meal":9,"minecraft:golden_apple":1,"minecraft:bread":5,"minecraft:emerald":2,"minecraft:rooted_dirt":2,"biomesoplenty:pink_daffodil":3,"minecraft:oak_sapling":11,"minecraft:chorus_fruit":1,"minecraft:charcoal":8,"minecraft:cocoa_beans":6,"minecraft:crafting_table":8,"minecraft:allium":2,"minecraft:azure_bluet":2,"minecraft:chicken":29,"minecraft:ladder":1,"minecraft:pink_wool":3,"minecraft:leather_leggings":3,"minecraft:brown_mushroom":13,"minecraft:cooked_rabbit":4,"minecraft:gold_block":1,"minecraft:shield":2,"minecraft:cornflower":1,"minecraft:red_bed":5,"minecraft:moss_carpet":4,"minecraft:iron_axe":1,"graveyard:corruption":3,"minecraft:cracked_stone_bricks":1,"minecraft:detector_rail":4,"alexscaves:burrowing_arrow":1,"minecraft:beef":96,"minecraft:oak_boat":1,"minecraft:cyan_wool":3,"minecraft:player_head":4,"minecraft:poppy":2,"minecraft:sugar_cane":39,"minecraft:chest":5,"minecraft:piston":8,"minecraft:egg":3,"minecraft:dark_oak_sapling":2,"minecraft:raw_iron":121,"minecraft:stone":1,"sophisticatedbackpacks:backpack":1,"minecraft:spruce_fence":1,"minecraft:stone_button":4,"minecraft:carrot":1,"minecraft:redstone":55,"minecraft:iron_horse_armor":1,"minecraft:stone_pressure_plate":2,"minecraft:arrow":50,"biomesoplenty:blue_hydrangea":5,"minecraft:diamond_chestplate":2,"minecraft:cooked_cod":1,"minecraft:beetroot_seeds":7,"minecraft:pumpkin_pie":2,"minecraft:diamond_boots":2,"minecraft:hay_block":47,"comforts:sleeping_bag_red":27,"minecraft:gold_ingot":19,"immersive_armors:warrior_chestplate":1,"minecraft:saddle":2,"minecraft:glistering_melon_slice":24,"sophisticatedbackpacks:copper_backpack":1,"minecraft:glow_berries":9,"minecraft:mutton":36,"minecraft:skeleton_skull":3,"minecraft:white_wool":10,"minecraft:bone_block":10,"minecraft:rail":33,"minecraft:stripped_oak_log":1,"minecraft:air":0,"minecraft:tripwire_hook":2,"minecraft:leather":22,"minecraft:red_mushroom":26,"minecraft:music_disc_stal":3,"minecraft:filled_map":5,"spelunkers_charm:candle_helmet":2,"spelunkers_charm:old_miners_bundle":8,"minecraft:crimson_fungus":32,"minecraft:oak_log":37,"minecraft:white_banner":1,"minecraft:coast_armor_trim_smithing_template":1,"minecraft:apple":1,"minecraft:iron_ingot":35,"minecraft:stone_pickaxe":1,"minecraft:iron_ore":29,"biomesoplenty:magic_log":5,"tombstone:bag_of_seeds":2,"tombstone:scroll_of_frost_resistance":1,"minecraft:iron_sword":1,"minecraft:book":112,"minecraft:smooth_basalt":1,"minecraft:pumpkin":16,"minecraft:stone_brick_slab":1,"minecraft:dandelion":3,"minecraft:quartz":16,"graveyard:ossuary":1,"minecraft:gravel":27,"minecraft:amethyst_shard":4,"minecraft:white_bed":7,"minecraft:crying_obsidian":1,"minecraft:spider_eye":6,"minecraft:leather_helmet":2,"undead_revamp2:rawbostrox":3,"biomesoplenty:mahogany_log":1,"minecraft:pumpkin_seeds":3,"minecraft:slime_ball":2,"tombstone:blue_marble":1,"tombstone:scroll_of_knowledge":2,"minecraft:iron_helmet":4,"tombstone:magic_scroll":3,"minecraft:damaged_anvil":3,"minecraft:melon_seeds":2,"minecraft:black_wool":2,"minecraft:coal":107}},"DataVersion":3465}