{"stats":{"minecraft:killed_by":{"undead_revamp2:clogger":1,"minecraft:vindicator":3,"minecraft:stray":1,"minecraft:skeleton":1},"minecraft:used":{"minecraft:iron_shovel":97,"minecraft:chest":3,"minecraft:shield":165,"minecraft:iron_sword":386,"alexscaves:cooked_lanternfish":2,"minecraft:player_head":1,"minecraft:rotten_flesh":1,"minecraft:lily_of_the_valley":1,"minecraft:tuff":7,"minecraft:lantern":12,"minecraft:quartz_block":4,"minecraft:stone_brick_stairs":3,"minecraft:music_disc_stal":3,"ironbows:iron_bow":4,"minecraft:oak_sapling":10,"minecraft:furnace":5,"minecraft:skeleton_skull":1,"minecraft:egg":2,"minecraft:damaged_anvil":3,"minecraft:chorus_fruit":1,"minecraft:stone_pickaxe":172,"minecraft:oak_planks":2,"minecraft:wooden_pickaxe":23,"minecraft:chainmail_helmet":1,"minecraft:glow_berries":6,"minecraft:sand":31,"minecraft:zombie_head":1,"minecraft:string":1,"minecraft:bread":130,"minecraft:stone_button":1,"minecraft:chainmail_boots":1,"minecraft:andesite":3,"minecraft:cobweb":6,"minecraft:experience_bottle":1,"sophisticatedbackpacks:iron_backpack":1,"minecraft:flint_and_steel":64,"minecraft:carved_pumpkin":1,"minecraft:armor_stand":2,"comforts:sleeping_bag_red":4,"minecraft:spruce_planks":16,"minecraft:cooked_chicken":2,"minecraft:torch":119,"minecraft:spyglass":23,"minecraft:dirt":82,"ironbows:emerald_bow":3,"minecraft:chainmail_chestplate":1,"minecraft:chipped_anvil":1,"minecraft:iron_axe":142,"minecraft:oak_stairs":2,"minecraft:iron_boots":2,"tombstone:gift":6,"minecraft:stone_pressure_plate":1,"minecraft:cooked_beef":2,"minecraft:cobbled_deepslate":108,"minecraft:iron_leggings":1,"minecraft:water_bucket":20,"minecraft:cracked_stone_bricks":1,"minecraft:crafting_table":12,"minecraft:red_bed":1,"minecraft:white_bed":6,"tombstone:bag_of_seeds":1,"minecraft:iron_pickaxe":548,"tombstone:magic_scroll":1,"minecraft:cobblestone":43,"minecraft:bucket":20,"minecraft:dandelion":1,"biomesoplenty:fir_log":3,"minecraft:jukebox":3,"minecraft:chainmail_leggings":1},"minecraft:crafted":{"minecraft:black_dye":5,"minecraft:oak_planks":52,"minecraft:cooked_chicken":5,"sophisticatedbackpacks:crafting_upgrade":2,"minecraft:cooked_mutton":9,"minecraft:quartz_block":4,"sophisticatedbackpacks:smelting_upgrade":1,"minecraft:bow":2,"minecraft:iron_boots":1,"minecraft:chest":3,"minecraft:magenta_dye":4,"minecraft:cooked_rabbit":2,"ironbows:emerald_bow":1,"sophisticatedbackpacks:backpack":1,"minecraft:cooked_porkchop":29,"minecraft:crafting_table":5,"minecraft:spruce_planks":7,"minecraft:wooden_pickaxe":1,"sophisticatedbackpacks:upgrade_base":2,"minecraft:shield":7,"sophisticatedbackpacks:diamond_backpack":1,"minecraft:stick":30,"minecraft:iron_ingot":113,"minecraft:iron_pickaxe":3,"minecraft:gold_ingot":28,"comforts:sleeping_bag_red":1,"minecraft:iron_nugget":4,"minecraft:spyglass":5,"comforts:sleeping_bag_white":1,"minecraft:furnace":3,"ironbows:iron_bow":1,"minecraft:iron_axe":1,"comforts:sleeping_bag_cyan":1,"minecraft:stone_pickaxe":2,"minecraft:wheat":47,"sophisticatedbackpacks:iron_backpack":1,"minecraft:cooked_beef":31,"minecraft:coal_block":7,"minecraft:red_dye":2,"minecraft:cooked_cod":3,"minecraft:iron_sword":2,"minecraft:red_bed":1,"minecraft:cooked_salmon":1,"sophisticatedbackpacks:gold_backpack":1,"minecraft:bread":172,"minecraft:air":1001,"minecraft:iron_shovel":1,"minecraft:torch":28},"minecraft:picked_up":{"minecraft:iron_chestplate":1,"minecraft:wheat":97,"minecraft:flower_pot":1,"minecraft:oak_stairs":2,"minecraft:enchanted_book":1,"minecraft:stone_brick_stairs":3,"minecraft:brewing_stand":3,"minecraft:amethyst_block":38,"minecraft:cooked_salmon":1,"minecraft:string":17,"minecraft:raw_copper":11,"minecraft:smooth_stone_slab":1,"minecraft:iron_leggings":4,"minecraft:armor_stand":2,"minecraft:experience_bottle":1,"minecraft:zombie_head":3,"minecraft:cobbled_deepslate":139,"minecraft:bucket":1,"comforts:sleeping_bag_white":1,"minecraft:rose_bush":1,"minecraft:calcite":5,"minecraft:iron_pickaxe":3,"minecraft:coal_block":19,"minecraft:iron_boots":4,"minecraft:furnace":3,"minecraft:tipped_arrow":3,"minecraft:golden_helmet":1,"minecraft:stick":10,"minecraft:jukebox":4,"minecraft:torch":34,"minecraft:porkchop":39,"tombstone:grave_dust":3,"minecraft:diorite":18,"minecraft:rabbit_foot":5,"minecraft:rotten_flesh":46,"minecraft:tropical_fish":1,"minecraft:iron_block":1,"minecraft:carved_pumpkin":2,"undead_revamp2:arapholia":1,"minecraft:cobblestone":217,"minecraft:feather":18,"minecraft:lilac":2,"minecraft:andesite":89,"minecraft:potato":9,"biomesoplenty:fir_log":25,"minecraft:flint":3,"minecraft:tuff":21,"minecraft:dirt":134,"minecraft:lantern":17,"minecraft:bone":42,"minecraft:chipped_anvil":2,"undead_revamp2:blacpetalblock":1,"minecraft:bow":2,"minecraft:wheat_seeds":266,"minecraft:raw_gold":17,"minecraft:rabbit":2,"minecraft:pitcher_pod":1,"minecraft:oak_planks":15,"ironbows:iron_bow":1,"biomesoplenty:toadstool":1,"minecraft:cooked_porkchop":17,"minecraft:jungle_planks":7,"minecraft:sand":34,"minecraft:ink_sac":5,"minecraft:lily_of_the_valley":1,"undead_revamp2:heavytooth":2,"minecraft:bundle":5,"alexscaves:cooked_radgill":3,"minecraft:diamond":8,"minecraft:granite":16,"minecraft:emerald":1,"minecraft:oak_sapling":10,"minecraft:chorus_fruit":1,"minecraft:charcoal":8,"minecraft:crafting_table":8,"minecraft:allium":1,"minecraft:chicken":12,"minecraft:ladder":1,"minecraft:cooked_rabbit":4,"minecraft:shield":1,"minecraft:cornflower":1,"minecraft:red_bed":4,"minecraft:iron_axe":1,"graveyard:corruption":3,"minecraft:cracked_stone_bricks":1,"alexscaves:burrowing_arrow":1,"minecraft:beef":24,"minecraft:cyan_wool":3,"minecraft:player_head":4,"minecraft:poppy":2,"minecraft:sugar_cane":39,"minecraft:chest":4,"minecraft:egg":2,"minecraft:raw_iron":97,"minecraft:stone":1,"minecraft:stone_button":4,"minecraft:carrot":1,"minecraft:redstone":46,"minecraft:stone_pressure_plate":2,"minecraft:arrow":38,"minecraft:cooked_cod":1,"minecraft:beetroot_seeds":3,"minecraft:pumpkin_pie":2,"minecraft:hay_block":47,"comforts:sleeping_bag_red":4,"immersive_armors:warrior_chestplate":1,"minecraft:saddle":1,"minecraft:rail":6,"minecraft:mutton":14,"minecraft:skeleton_skull":3,"minecraft:white_wool":5,"minecraft:stripped_oak_log":1,"minecraft:leather":17,"minecraft:music_disc_stal":3,"minecraft:filled_map":4,"spelunkers_charm:candle_helmet":2,"spelunkers_charm:old_miners_bundle":1,"minecraft:oak_log":36,"minecraft:coast_armor_trim_smithing_template":1,"minecraft:apple":1,"minecraft:iron_ingot":29,"tombstone:bag_of_seeds":1,"minecraft:iron_sword":1,"minecraft:book":112,"minecraft:smooth_basalt":1,"minecraft:stone_brick_slab":1,"minecraft:quartz":16,"minecraft:dandelion":2,"minecraft:gravel":27,"minecraft:amethyst_shard":4,"minecraft:white_bed":7,"minecraft:spider_eye":2,"undead_revamp2:rawbostrox":3,"minecraft:pumpkin_seeds":3,"minecraft:slime_ball":1,"minecraft:iron_helmet":4,"tombstone:magic_scroll":1,"minecraft:damaged_anvil":3,"minecraft:black_wool":2,"minecraft:coal":65},"minecraft:killed":{"minecraft:spider":5,"undead_revamp2:thesmoker":2,"minecraft:dolphin":1,"minecraft:skeleton":20,"minecraft:chicken":13,"minecraft:silverfish":3,"minecraft:pig":19,"undead_revamp2:theheavy":1,"minecraft:creeper":2,"minecraft:sheep":4,"undead_revamp2:thebidyupside":1,"minecraft:pillager":2,"minecraft:zombie":21,"minecraft:stray":5,"minecraft:cow":13,"graveyard:nightmare":1,"minecraft:vindicator":3,"undead_revamp2:the_moonflower":2,"minecraft:squid":2,"minecraft:villager":1},"minecraft:broken":{"minecraft:stone_pickaxe":1,"minecraft:flint_and_steel":1,"minecraft:shield":2,"minecraft:iron_pickaxe":2},"minecraft:mined":{"minecraft:stone_pressure_plate":1,"minecraft:white_bed":6,"minecraft:brewing_stand":2,"minecraft:granite":16,"minecraft:budding_amethyst":1,"minecraft:grass_block":17,"minecraft:coal_block":19,"minecraft:iron_ore":66,"minecraft:cobbled_deepslate":15,"minecraft:fire":20,"minecraft:iron_block":1,"minecraft:player_head":2,"minecraft:tripwire":1,"minecraft:deepslate_redstone_ore":10,"minecraft:red_bed":4,"minecraft:amethyst_cluster":1,"minecraft:torch":3,"minecraft:calcite":2,"minecraft:poppy":2,"minecraft:chest":1,"spelunkers_charm:deepslate_geyser":2,"minecraft:sugar_cane":14,"minecraft:oak_planks":9,"minecraft:damaged_anvil":4,"minecraft:wall_torch":3,"minecraft:amethyst_block":39,"minecraft:skeleton_skull":1,"minecraft:wheat":92,"minecraft:lilac":2,"minecraft:jukebox":3,"biomesoplenty:fir_log":28,"minecraft:grass":13,"minecraft:oak_log":36,"minecraft:sand":32,"minecraft:dirt":35,"minecraft:smooth_basalt":1,"minecraft:oak_leaves":17,"minecraft:deepslate":116,"minecraft:diamond_ore":1,"minecraft:tuff":21,"minecraft:deepslate_diamond_ore":8,"biomesoplenty:bush":3,"minecraft:allium":1,"minecraft:kelp":1,"minecraft:hay_block":48,"minecraft:furnace":3,"minecraft:andesite":53,"minecraft:bookshelf":33,"minecraft:deepslate_iron_ore":23,"minecraft:rail":1,"minecraft:lantern":2,"minecraft:stripped_oak_log":1,"minecraft:stone":205,"minecraft:potted_lily_of_the_valley":1,"minecraft:dandelion":1,"minecraft:crafting_table":8,"minecraft:campfire":4,"minecraft:tall_grass":3,"minecraft:copper_ore":3,"minecraft:deepslate_gold_ore":17,"minecraft:diorite":7,"minecraft:birch_leaves":1,"minecraft:coal_ore":61,"minecraft:gravel":32,"minecraft:cobweb":5,"minecraft:chipped_anvil":2,"minecraft:gold_ore":2},"minecraft:custom":{"minecraft:interact_with_crafting_table":68,"minecraft:open_barrel":32,"minecraft:leave_game":5,"minecraft:time_since_death":56760,"minecraft:sprint_one_cm":702515,"minecraft:damage_blocked_by_shield":10855,"minecraft:drop":213,"minecraft:talked_to_villager":2,"minecraft:play_time":402188,"minecraft:deaths":8,"minecraft:jump":5646,"minecraft:walk_on_water_one_cm":127867,"minecraft:interact_with_furnace":162,"minecraft:play_record":3,"minecraft:sleep_in_bed":29,"minecraft:damage_dealt":19282,"minecraft:crouch_one_cm":50231,"tombstone:undead_killed":51,"tombstone:villager_killed":1,"minecraft:interact_with_smoker":2,"minecraft:horse_one_cm":8226,"minecraft:interact_with_anvil":3,"minecraft:mob_kills":124,"minecraft:damage_dealt_resisted":957,"minecraft:climb_one_cm":6207,"minecraft:walk_one_cm":1042461,"minecraft:sneak_time":15958,"minecraft:walk_under_water_one_cm":96345,"minecraft:interact_with_blast_furnace":3,"minecraft:total_world_time":402188,"tombstone:raider_killed":5,"minecraft:time_since_rest":0,"minecraft:damage_taken":8276,"minecraft:swim_one_cm":280658,"minecraft:fly_one_cm":972971,"minecraft:open_chest":157,"minecraft:fall_one_cm":155471},"minecraft:dropped":{"minecraft:iron_sword":2,"minecraft:porkchop":1,"minecraft:diamond":4,"minecraft:cooked_porkchop":5,"minecraft:pitcher_pod":1,"alexscaves:burrowing_arrow":1,"comforts:sleeping_bag_cyan":1,"minecraft:lantern":5,"minecraft:jungle_planks":3,"minecraft:rail":6,"graveyard:corruption":3,"minecraft:cod":3,"minecraft:dirt":6,"minecraft:stone_button":3,"minecraft:cornflower":1,"minecraft:cooked_cod":8,"minecraft:pumpkin_pie":2,"minecraft:sand":1,"minecraft:iron_pickaxe":1,"undead_revamp2:blacpetalblock":1,"ironbows:iron_bow":2,"spelunkers_charm:candle_helmet":2,"minecraft:white_wool":2,"minecraft:gold_ingot":1,"minecraft:bone":1,"minecraft:gravel":27,"biomesoplenty:toadstool":2,"minecraft:spyglass":3,"minecraft:cooked_chicken":3,"minecraft:wheat":5,"undead_revamp2:arapholia":1,"minecraft:rotten_flesh":2,"minecraft:cooked_mutton":9,"minecraft:salmon":1,"minecraft:rabbit_foot":4,"minecraft:beetroot_seeds":3,"minecraft:chest":2,"alexscaves:cooked_lanternfish":1,"minecraft:ladder":1,"comforts:sleeping_bag_white":1,"minecraft:beef":2,"minecraft:iron_ingot":1,"minecraft:bread":1,"minecraft:wheat_seeds":269,"minecraft:golden_helmet":1,"minecraft:iron_helmet":4,"minecraft:cobblestone":2,"minecraft:tropical_fish":2,"immersive_armors:warrior_chestplate":1,"minecraft:diorite":11,"minecraft:torch":12,"minecraft:rose_bush":1,"minecraft:cooked_salmon":5,"tombstone:grave_dust":1,"minecraft:iron_leggings":3,"minecraft:iron_axe":1,"alexscaves:lanternfish":1,"minecraft:string":2,"alexscaves:tripodfish":1,"minecraft:bucket":2,"minecraft:smooth_basalt":1,"minecraft:dandelion":1,"minecraft:stone_brick_slab":1,"minecraft:redstone":13,"minecraft:player_head":3,"minecraft:smooth_stone_slab":1,"minecraft:tuff":7,"minecraft:raw_iron":7,"minecraft:chicken":4,"minecraft:iron_boots":5,"minecraft:pumpkin_seeds":3,"minecraft:filled_map":4,"minecraft:stone":1,"minecraft:shield":1,"minecraft:flower_pot":1,"undead_revamp2:heavytooth":1,"alexscaves:cooked_radgill":4,"minecraft:bundle":5,"minecraft:iron_chestplate":1,"minecraft:andesite":68,"minecraft:carved_pumpkin":1,"minecraft:stone_pressure_plate":1,"minecraft:stone_bricks":1,"minecraft:bow":2,"minecraft:magenta_dye":4,"minecraft:stone_pickaxe":1,"minecraft:wooden_pickaxe":1,"minecraft:calcite":5,"minecraft:cooked_rabbit":5,"minecraft:black_wool":2}},"DataVersion":3465}