{"stats":{"minecraft:killed":{"minecraft:dolphin":1,"minecraft:skeleton":11,"minecraft:chicken":7,"minecraft:silverfish":3,"minecraft:pig":14,"minecraft:creeper":1,"minecraft:sheep":4,"minecraft:zombie":3,"minecraft:stray":1,"minecraft:villager":1,"minecraft:cow":13},"minecraft:dropped":{"minecraft:iron_sword":2,"minecraft:porkchop":1,"minecraft:wheat_seeds":263,"minecraft:diamond":4,"minecraft:cooked_porkchop":5,"minecraft:iron_helmet":2,"minecraft:lantern":5,"minecraft:rail":1,"minecraft:dirt":6,"minecraft:stone_button":3,"minecraft:torch":1,"minecraft:rose_bush":1,"minecraft:cooked_cod":4,"minecraft:cooked_salmon":3,"tombstone:grave_dust":1,"minecraft:iron_leggings":3,"minecraft:pumpkin_pie":2,"minecraft:iron_axe":1,"minecraft:iron_pickaxe":1,"minecraft:string":2,"minecraft:dandelion":1,"minecraft:stone_brick_slab":1,"minecraft:player_head":3,"minecraft:wheat":5,"minecraft:raw_iron":7,"minecraft:chicken":4,"minecraft:rotten_flesh":1,"minecraft:iron_boots":3,"minecraft:filled_map":2,"minecraft:stone":1,"minecraft:flower_pot":1,"alexscaves:cooked_radgill":1,"minecraft:bundle":1,"minecraft:andesite":68,"minecraft:chest":1,"minecraft:carved_pumpkin":1,"minecraft:stone_pressure_plate":1,"minecraft:stone_bricks":1,"minecraft:wooden_pickaxe":1,"minecraft:beef":2,"minecraft:stone_pickaxe":1,"minecraft:black_wool":1},"minecraft:custom":{"minecraft:mob_kills":59,"minecraft:interact_with_crafting_table":18,"minecraft:open_barrel":19,"minecraft:leave_game":2,"minecraft:time_since_death":22825,"minecraft:climb_one_cm":4015,"minecraft:sprint_one_cm":342992,"minecraft:walk_one_cm":518944,"minecraft:damage_blocked_by_shield":3405,"minecraft:drop":88,"minecraft:talked_to_villager":2,"minecraft:play_time":174012,"minecraft:deaths":3,"minecraft:sneak_time":3914,"minecraft:walk_under_water_one_cm":39218,"minecraft:jump":2377,"minecraft:walk_on_water_one_cm":65439,"minecraft:total_world_time":174012,"minecraft:interact_with_furnace":68,"minecraft:sleep_in_bed":11,"minecraft:time_since_rest":3657,"minecraft:damage_taken":2871,"minecraft:damage_dealt":6537,"minecraft:swim_one_cm":172617,"minecraft:fly_one_cm":474859,"minecraft:open_chest":38,"minecraft:crouch_one_cm":13417,"tombstone:undead_killed":15,"tombstone:villager_killed":1,"minecraft:interact_with_smoker":2,"minecraft:fall_one_cm":59473},"minecraft:crafted":{"minecraft:oak_planks":17,"minecraft:cooked_chicken":2,"minecraft:furnace":2,"minecraft:cooked_mutton":9,"minecraft:quartz_block":4,"minecraft:iron_axe":1,"minecraft:stone_pickaxe":2,"minecraft:chest":1,"minecraft:cooked_rabbit":2,"sophisticatedbackpacks:iron_backpack":1,"minecraft:wheat":23,"minecraft:cooked_beef":26,"sophisticatedbackpacks:backpack":1,"minecraft:cooked_porkchop":29,"minecraft:crafting_table":5,"minecraft:wooden_pickaxe":1,"minecraft:iron_sword":2,"minecraft:bread":99,"minecraft:air":528,"minecraft:shield":3,"minecraft:stick":17,"minecraft:iron_ingot":22,"minecraft:iron_pickaxe":1,"minecraft:iron_shovel":1,"minecraft:torch":15},"minecraft:killed_by":{"undead_revamp2:clogger":1,"minecraft:skeleton":1},"minecraft:picked_up":{"minecraft:charcoal":8,"minecraft:crafting_table":4,"minecraft:iron_chestplate":1,"minecraft:wheat":94,"minecraft:chicken":6,"minecraft:flower_pot":1,"minecraft:enchanted_book":1,"minecraft:stone_brick_stairs":3,"minecraft:brewing_stand":3,"minecraft:red_bed":4,"minecraft:iron_axe":1,"minecraft:iron_leggings":4,"minecraft:armor_stand":2,"minecraft:experience_bottle":1,"minecraft:zombie_head":3,"minecraft:cracked_stone_bricks":1,"minecraft:beef":24,"minecraft:rose_bush":1,"minecraft:player_head":4,"minecraft:iron_pickaxe":1,"minecraft:coal_block":19,"minecraft:sugar_cane":39,"minecraft:chest":2,"minecraft:furnace":1,"minecraft:iron_boots":3,"minecraft:egg":2,"minecraft:tipped_arrow":1,"minecraft:stick":2,"minecraft:raw_iron":34,"minecraft:stone":1,"minecraft:jukebox":1,"minecraft:torch":1,"minecraft:porkchop":27,"minecraft:stone_button":4,"minecraft:carrot":1,"minecraft:stone_pressure_plate":2,"minecraft:arrow":13,"minecraft:pumpkin_pie":2,"minecraft:hay_block":47,"minecraft:iron_block":1,"minecraft:carved_pumpkin":2,"minecraft:mutton":10,"minecraft:rail":1,"minecraft:skeleton_skull":3,"minecraft:white_wool":5,"minecraft:cobblestone":80,"minecraft:feather":7,"minecraft:andesite":69,"minecraft:leather":17,"minecraft:potato":9,"minecraft:filled_map":2,"minecraft:oak_log":17,"minecraft:dirt":19,"minecraft:lantern":16,"minecraft:coast_armor_trim_smithing_template":1,"minecraft:bone":24,"minecraft:chipped_anvil":1,"minecraft:wheat_seeds":263,"minecraft:iron_ingot":25,"minecraft:rabbit":2,"minecraft:iron_sword":1,"minecraft:oak_planks":6,"minecraft:book":112,"minecraft:cooked_porkchop":17,"minecraft:stone_brick_slab":1,"minecraft:quartz":16,"minecraft:dandelion":2,"minecraft:sand":31,"minecraft:white_bed":6,"minecraft:lily_of_the_valley":1,"minecraft:bundle":1,"alexscaves:cooked_radgill":3,"minecraft:diamond":3,"minecraft:iron_helmet":3,"minecraft:oak_sapling":3,"minecraft:damaged_anvil":1,"tombstone:magic_scroll":1,"minecraft:black_wool":1,"minecraft:chorus_fruit":1,"minecraft:coal":37},"minecraft:mined":{"minecraft:stone_pressure_plate":1,"minecraft:white_bed":5,"minecraft:brewing_stand":2,"biomesoplenty:bush":1,"minecraft:grass_block":3,"minecraft:coal_block":19,"minecraft:hay_block":48,"minecraft:furnace":1,"minecraft:iron_ore":27,"minecraft:fire":17,"minecraft:andesite":35,"minecraft:bookshelf":33,"minecraft:rail":1,"minecraft:lantern":1,"minecraft:stone":76,"minecraft:iron_block":1,"minecraft:player_head":2,"minecraft:red_bed":4,"minecraft:potted_lily_of_the_valley":1,"minecraft:dandelion":1,"minecraft:crafting_table":4,"minecraft:campfire":4,"minecraft:tall_grass":3,"minecraft:sugar_cane":14,"minecraft:oak_planks":6,"minecraft:damaged_anvil":1,"minecraft:skeleton_skull":1,"minecraft:wheat":92,"minecraft:jukebox":1,"minecraft:birch_leaves":1,"minecraft:grass":6,"minecraft:oak_log":17,"minecraft:coal_ore":33,"minecraft:sand":32,"minecraft:dirt":10,"minecraft:chipped_anvil":1,"minecraft:oak_leaves":5},"minecraft:broken":{"minecraft:stone_pickaxe":1},"minecraft:used":{"sophisticatedbackpacks:iron_backpack":1,"minecraft:iron_shovel":27,"minecraft:carved_pumpkin":1,"minecraft:armor_stand":2,"minecraft:chest":1,"minecraft:shield":52,"minecraft:iron_sword":154,"minecraft:cooked_chicken":2,"minecraft:player_head":1,"minecraft:torch":16,"minecraft:dirt":13,"minecraft:lily_of_the_valley":1,"minecraft:chainmail_chestplate":1,"minecraft:lantern":11,"minecraft:iron_axe":38,"minecraft:quartz_block":4,"minecraft:iron_boots":1,"minecraft:stone_brick_stairs":3,"minecraft:oak_sapling":3,"minecraft:furnace":2,"tombstone:gift":4,"minecraft:skeleton_skull":1,"minecraft:egg":2,"minecraft:stone_pressure_plate":1,"minecraft:cooked_beef":2,"minecraft:iron_leggings":1,"minecraft:water_bucket":9,"minecraft:chorus_fruit":1,"minecraft:stone_pickaxe":172,"minecraft:wooden_pickaxe":23,"minecraft:chainmail_helmet":1,"minecraft:cracked_stone_bricks":1,"minecraft:glow_berries":6,"minecraft:sand":31,"minecraft:crafting_table":8,"minecraft:white_bed":6,"minecraft:zombie_head":1,"minecraft:bread":40,"minecraft:iron_pickaxe":40,"minecraft:stone_button":1,"tombstone:magic_scroll":1,"minecraft:cobblestone":35,"minecraft:chainmail_boots":1,"minecraft:andesite":1,"minecraft:bucket":9,"minecraft:dandelion":1,"minecraft:experience_bottle":1,"minecraft:chainmail_leggings":1}},"DataVersion":3465}